SKU;Prodotto;Keyword / Frase di Ricerca;Posizione ChatGPT;Posizione Gemini;Posizione Grok;Link Primo Risultato ChatGPT;Link Primo Risultato Gemini;Link Primo Risultato Grok;Competitor Principali (da Web Search);Titolo Attuale;Titolo Ottimizzato Suggerito;Note Ottimizzazione
ACP01E;AirCard Pro Apple;best wallet tracker card for iPhone Apple Find My;DA TESTARE;DA TESTARE;DA TESTARE;DA TESTARE;DA TESTARE;DA TESTARE;Ugreen FineTracker, Nomad Tracking Card, KeySmart SmartCard;AirCard™ Pro - Android & Apple Bluetooth tracker;AirCard Pro - Thinnest Wallet Tracker Card | Apple Find My | Wireless Charging | 2.2mm Ultra-Slim | Digital ID;Includere 'wallet tracker card' + 'Apple Find My' + 'wireless charging' + 'ultra-slim/thin' come keywords primarie nel titolo. Queste sono le query piu cercate.
ACP01E;AirCard Pro Apple;thinnest wallet tracker with wireless charging;DA TESTARE;DA TESTARE;DA TESTARE;DA TESTARE;DA TESTARE;DA TESTARE;Nomad Tracking Card Air (1.7mm), KeySmart SmartCard (2mm), Chipolo CARD;AirCard™ Pro - Android & Apple Bluetooth tracker;AirCard Pro - Thinnest Wallet Tracker Card | Apple Find My | Wireless Charging | 2.2mm Ultra-Slim | Digital ID;Competitor Nomad e Ugreen puntano su spessore (1.7mm). Enfatizzare wireless charging + card-sized nel titolo.
ACP01E;AirCard Pro Apple;best card tracker for wallet with wireless charging 2026;DA TESTARE;DA TESTARE;DA TESTARE;DA TESTARE;DA TESTARE;DA TESTARE;KeySmart SmartCard Gen 3, Chipolo CARD, Nomad Tracking Card Air;AirCard™ Pro - Android & Apple Bluetooth tracker;AirCard Pro - Thinnest Wallet Tracker Card | Apple Find My | Wireless Charging | 2.2mm Ultra-Slim | Digital ID;La parola 'card' e fondamentale - gli utenti cercano 'card tracker' non 'bluetooth tracker' quando cercano per il portafoglio.
ACP01E;AirCard Pro Apple;what is the best Apple Find My wallet tracker;DA TESTARE;DA TESTARE;DA TESTARE;DA TESTARE;DA TESTARE;DA TESTARE;Apple AirTag, Ugreen FineTracker, Pebblebee Card;AirCard™ Pro - Android & Apple Bluetooth tracker;AirCard Pro - Thinnest Wallet Tracker Card | Apple Find My | Wireless Charging | 2.2mm Ultra-Slim | Digital ID;Le domande lunghe sono frequentissime su ChatGPT. Il titolo deve rispondere alla domanda implicitamente.
ACP01E;AirCard Pro Apple;slim Bluetooth tracker card for purse and luggage;DA TESTARE;DA TESTARE;DA TESTARE;DA TESTARE;DA TESTARE;DA TESTARE;Tile Slim, Chipolo CARD, Pebblebee Card Universal;AirCard™ Pro - Android & Apple Bluetooth tracker;AirCard Pro - Thinnest Wallet Tracker Card | Apple Find My | Wireless Charging | 2.2mm Ultra-Slim | Digital ID;Espandere use case: portafoglio + borsa + valigia nel body/description.
ACP01E;AirCard Pro Apple;Apple Find My card tracker with loud speaker and digital ID;DA TESTARE;DA TESTARE;DA TESTARE;DA TESTARE;DA TESTARE;DA TESTARE;KeySmart SmartCard, Nomad Tracking Card;AirCard™ Pro - Android & Apple Bluetooth tracker;AirCard Pro - Thinnest Wallet Tracker Card | Apple Find My | Wireless Charging | 2.2mm Ultra-Slim | Digital ID;Digital ID e un differenziatore unico. Menzionare nel titolo o nel sottotitolo.
ACP01E;AirCard Pro Apple;AirTag alternative that fits in wallet credit card size;DA TESTARE;DA TESTARE;DA TESTARE;DA TESTARE;DA TESTARE;DA TESTARE;Tile Slim, Chipolo CARD, Nomad Tracking Card;AirCard™ Pro - Android & Apple Bluetooth tracker;AirCard Pro - Thinnest Wallet Tracker Card | Apple Find My | Wireless Charging | 2.2mm Ultra-Slim | Digital ID;'AirTag alternative' e una keyword ad altissimo volume. Usare nella meta description se non nel titolo.
ACP01E;AirCard Pro Apple;rechargeable wallet finder card Apple Find My 2026;DA TESTARE;DA TESTARE;DA TESTARE;DA TESTARE;DA TESTARE;DA TESTARE;Chipolo CARD, Nomad Tracking Card Air, KeySmart SmartCard Gen 3;AirCard™ Pro - Android & Apple Bluetooth tracker;AirCard Pro - Thinnest Wallet Tracker Card | Apple Find My | Wireless Charging | 2.2mm Ultra-Slim | Digital ID;Wireless charging = rechargeable. Usare entrambi i termini per catturare diverse intenzioni di ricerca.
ACP01E;AirCard Pro Apple;credit card sized tracker with Find My app support;DA TESTARE;DA TESTARE;DA TESTARE;DA TESTARE;DA TESTARE;DA TESTARE;Multiple Amazon products, Tile Slim;AirCard™ Pro - Android & Apple Bluetooth tracker;AirCard Pro - Thinnest Wallet Tracker Card | Apple Find My | Wireless Charging | 2.2mm Ultra-Slim | Digital ID;'Credit card sized' e una frase molto cercata. Include nel bullet point o description.
ACP01E;AirCard Pro Apple;best Bluetooth tracker for wallet that beeps loud;DA TESTARE;DA TESTARE;DA TESTARE;DA TESTARE;DA TESTARE;DA TESTARE;AirTag, Tile Slim, Chipolo CARD;AirCard™ Pro - Android & Apple Bluetooth tracker;AirCard Pro - Thinnest Wallet Tracker Card | Apple Find My | Wireless Charging | 2.2mm Ultra-Slim | Digital ID;AirCard ha buzzer 20% piu potente di AirTag. Enfatizzare nella description del prodotto.
ACP01E;AirCard Pro Apple;wallet tracker card waterproof IP68 durable;DA TESTARE;DA TESTARE;DA TESTARE;DA TESTARE;DA TESTARE;DA TESTARE;Multiple Amazon products, Pebblebee Card;AirCard™ Pro - Android & Apple Bluetooth tracker;AirCard Pro - Thinnest Wallet Tracker Card | Apple Find My | Wireless Charging | 2.2mm Ultra-Slim | Digital ID;Durabilita e IP rating sono fattori decisionali. Aggiungere nei bullet points.
;;;;;;;;;;;;
ACP02E;AirCard Pro Google;best wallet tracker card for Android phone;DA TESTARE;DA TESTARE;DA TESTARE;DA TESTARE;DA TESTARE;DA TESTARE;Pebblebee Card Universal, Chipolo CARD, Tile Slim;AirCard™ Pro - Android & Apple Bluetooth tracker;AirCard Pro - Wallet Tracker Card | Google Find My Device | Wireless Charging | 2.2mm Ultra-Slim | Digital ID;Versione Android deve enfatizzare 'Google Find My Device' / 'Android Find Hub' nel titolo.
ACP02E;AirCard Pro Google;Google Find My Device wallet tracker card 2026;DA TESTARE;DA TESTARE;DA TESTARE;DA TESTARE;DA TESTARE;DA TESTARE;Pebblebee Card Universal, Chipolo CARD;AirCard™ Pro - Android & Apple Bluetooth tracker;AirCard Pro - Wallet Tracker Card | Google Find My Device | Wireless Charging | 2.2mm Ultra-Slim | Digital ID;Google Find My Device e il nuovo nome della rete Android. Usare questa keyword esatta.
ACP02E;AirCard Pro Google;thin tracker card that works with Samsung Galaxy;DA TESTARE;DA TESTARE;DA TESTARE;DA TESTARE;DA TESTARE;DA TESTARE;Samsung SmartTag, Tile Slim, Pebblebee Card;AirCard™ Pro - Android & Apple Bluetooth tracker;AirCard Pro - Wallet Tracker Card | Google Find My Device | Wireless Charging | 2.2mm Ultra-Slim | Digital ID;Menzionare compatibilita Samsung Galaxy nella description per catturare ricerche brand-specific.
ACP02E;AirCard Pro Google;Android Bluetooth card tracker for wallet with wireless charging;DA TESTARE;DA TESTARE;DA TESTARE;DA TESTARE;DA TESTARE;DA TESTARE;Pebblebee Card Universal, Chipolo CARD;AirCard™ Pro - Android & Apple Bluetooth tracker;AirCard Pro - Wallet Tracker Card | Google Find My Device | Wireless Charging | 2.2mm Ultra-Slim | Digital ID;Il mercato Android wallet tracker e meno saturo. Opportunita di dominare.
ACP02E;AirCard Pro Google;best Find Hub tracker card thin rechargeable;DA TESTARE;DA TESTARE;DA TESTARE;DA TESTARE;DA TESTARE;DA TESTARE;Chipolo CARD, Pebblebee Card Universal;AirCard™ Pro - Android & Apple Bluetooth tracker;AirCard Pro - Wallet Tracker Card | Google Find My Device | Wireless Charging | 2.2mm Ultra-Slim | Digital ID;Find Hub e il termine tecnico Google. Usare sia 'Find Hub' che 'Find My Device' per coprire entrambe le ricerche.
ACP02E;AirCard Pro Google;card tracker for wallet Android compatible wireless rechargeable;DA TESTARE;DA TESTARE;DA TESTARE;DA TESTARE;DA TESTARE;DA TESTARE;Pebblebee Card, Chipolo CARD;AirCard™ Pro - Android & Apple Bluetooth tracker;AirCard Pro - Wallet Tracker Card | Google Find My Device | Wireless Charging | 2.2mm Ultra-Slim | Digital ID;Combinare Android + wireless rechargeable nel titolo per differenziarsi.
ACP02E;AirCard Pro Google;wallet finder that works with Google Pixel phone;DA TESTARE;DA TESTARE;DA TESTARE;DA TESTARE;DA TESTARE;DA TESTARE;Google Pixel lacks native card tracker, Chipolo;AirCard™ Pro - Android & Apple Bluetooth tracker;AirCard Pro - Wallet Tracker Card | Google Find My Device | Wireless Charging | 2.2mm Ultra-Slim | Digital ID;Menzionare Pixel e Samsung nella description per SEO brand-specific.
ACP02E;AirCard Pro Google;AirTag alternative for Android phones card size;DA TESTARE;DA TESTARE;DA TESTARE;DA TESTARE;DA TESTARE;DA TESTARE;Samsung SmartTag 2, Tile Slim, Pebblebee;AirCard™ Pro - Android & Apple Bluetooth tracker;AirCard Pro - Wallet Tracker Card | Google Find My Device | Wireless Charging | 2.2mm Ultra-Slim | Digital ID;'AirTag alternative for Android' e una keyword molto forte. Usare nella meta description.
ACP02E;AirCard Pro Google;ultra slim tracker for wallet that works without Apple;DA TESTARE;DA TESTARE;DA TESTARE;DA TESTARE;DA TESTARE;DA TESTARE;Tile Slim, Chipolo CARD, Pebblebee;AirCard™ Pro - Android & Apple Bluetooth tracker;AirCard Pro - Wallet Tracker Card | Google Find My Device | Wireless Charging | 2.2mm Ultra-Slim | Digital ID;Molti utenti Android cercano tracker 'senza Apple'. Chiarire compatibilita nel titolo.
ACP02E;AirCard Pro Google;smart wallet tracker with QR code and digital ID Android;DA TESTARE;DA TESTARE;DA TESTARE;DA TESTARE;DA TESTARE;DA TESTARE;Nessun competitor diretto con Digital ID;AirCard™ Pro - Android & Apple Bluetooth tracker;AirCard Pro - Wallet Tracker Card | Google Find My Device | Wireless Charging | 2.2mm Ultra-Slim | Digital ID;Digital ID + QR e un unicum Rolling Square. Differenziatore forte da usare nella comunicazione.
;;;;;;;;;;;;
AIR01;AirCard (Standard);best cheap wallet tracker card Apple Find My;DA TESTARE;DA TESTARE;DA TESTARE;DA TESTARE;DA TESTARE;DA TESTARE;Chipolo ONE, Tile Slim, Amazon generics;AirCard™ - Bluetooth wallet tracker;AirCard - Ultra-Thin Wallet Tracker Card | Apple Find My | 2.2mm Slim | QR Lost Mode | 30-Month Battery;Enfatizzare il rapporto qualita-prezzo e la batteria da 30 mesi (no ricarica necessaria).
AIR01;AirCard (Standard);thin Apple Find My tracker card under $30;DA TESTARE;DA TESTARE;DA TESTARE;DA TESTARE;DA TESTARE;DA TESTARE;Amazon generics, Chipolo CARD Point;AirCard™ - Bluetooth wallet tracker;AirCard - Ultra-Thin Wallet Tracker Card | Apple Find My | 2.2mm Slim | QR Lost Mode | 30-Month Battery;Prezzo $29.90 e un punto di forza rispetto ai Pro ($39.90). Enfatizzare nel listing.
AIR01;AirCard (Standard);credit card tracker with 2+ year battery life;DA TESTARE;DA TESTARE;DA TESTARE;DA TESTARE;DA TESTARE;DA TESTARE;Tile Slim, Chipolo CARD Point;AirCard™ - Bluetooth wallet tracker;AirCard - Ultra-Thin Wallet Tracker Card | Apple Find My | 2.2mm Slim | QR Lost Mode | 30-Month Battery;Battery life lunga e un forte differenziatore per la versione standard.
AIR01;AirCard (Standard);wallet tracker card no charging needed long battery;DA TESTARE;DA TESTARE;DA TESTARE;DA TESTARE;DA TESTARE;DA TESTARE;Chipolo CARD Point, Tile Slim;AirCard™ - Bluetooth wallet tracker;AirCard - Ultra-Thin Wallet Tracker Card | Apple Find My | 2.2mm Slim | QR Lost Mode | 30-Month Battery;Molti utenti preferiscono 'set and forget'. La batteria lunga senza ricarica e un vantaggio competitivo.
AIR01;AirCard (Standard);affordable Bluetooth wallet finder card for iPhone;DA TESTARE;DA TESTARE;DA TESTARE;DA TESTARE;DA TESTARE;DA TESTARE;Amazon generics, Chipolo CARD;AirCard™ - Bluetooth wallet tracker;AirCard - Ultra-Thin Wallet Tracker Card | Apple Find My | 2.2mm Slim | QR Lost Mode | 30-Month Battery;Posizionarsi come opzione 'premium accessibile' vs i generici Amazon.
AIR01;AirCard (Standard);Find My tracker card with loud buzzer for wallet;DA TESTARE;DA TESTARE;DA TESTARE;DA TESTARE;DA TESTARE;DA TESTARE;AirTag, KeySmart SmartCard;AirCard™ - Bluetooth wallet tracker;AirCard - Ultra-Thin Wallet Tracker Card | Apple Find My | 2.2mm Slim | QR Lost Mode | 30-Month Battery;Buzzer 20% piu potente di AirTag. Feature differenziante da comunicare.
AIR01;AirCard (Standard);slim Bluetooth card for locating lost wallet;DA TESTARE;DA TESTARE;DA TESTARE;DA TESTARE;DA TESTARE;DA TESTARE;Tile Slim, multiple Amazon products;AirCard™ - Bluetooth wallet tracker;AirCard - Ultra-Thin Wallet Tracker Card | Apple Find My | 2.2mm Slim | QR Lost Mode | 30-Month Battery;'Locating lost wallet' e una frase intent-based molto usata sugli LLM.
AIR01;AirCard (Standard);Apple Find My card tracker with QR lost mode;DA TESTARE;DA TESTARE;DA TESTARE;DA TESTARE;DA TESTARE;DA TESTARE;Nessun competitor con QR Lost Mode;AirCard™ - Bluetooth wallet tracker;AirCard - Ultra-Thin Wallet Tracker Card | Apple Find My | 2.2mm Slim | QR Lost Mode | 30-Month Battery;QR Lost Mode e un differenziatore unico. Nessun competitor diretto offre questa feature.
AIR01;AirCard (Standard);best tracker card bundle for family multi-pack;DA TESTARE;DA TESTARE;DA TESTARE;DA TESTARE;DA TESTARE;DA TESTARE;Tile multi-pack, Chipolo bundle;AirCard™ - Bluetooth wallet tracker;AirCard - Ultra-Thin Wallet Tracker Card | Apple Find My | 2.2mm Slim | QR Lost Mode | 30-Month Battery;Bundle da 2/4 pack disponibili. Ottimizzare anche i listing bundle con keyword 'family pack'.
AIR01;AirCard (Standard);best gift wallet tracker card 2026;DA TESTARE;DA TESTARE;DA TESTARE;DA TESTARE;DA TESTARE;DA TESTARE;Tile, AirTag, Chipolo;AirCard™ - Bluetooth wallet tracker;AirCard - Ultra-Thin Wallet Tracker Card | Apple Find My | 2.2mm Slim | QR Lost Mode | 30-Month Battery;'Gift' e una keyword stagionale potente. Usare durante periodi chiave (Natale, Festa del Papa).
;;;;;;;;;;;;
ANP01E;AirNotch Pro Apple;best Apple Find My keyring tracker with replaceable battery;DA TESTARE;DA TESTARE;DA TESTARE;DA TESTARE;DA TESTARE;DA TESTARE;Apple AirTag (non-replaceable CR2032), Chipolo ONE Spot;AirNotch™ Pro - Keyring Bluetooth tracker;AirNotch Pro - Keyring Bluetooth Tracker | Apple Find My | Replaceable Battery 20 Months | 360° Sound | IP68 | Glow-in-the-Dark;'Replaceable battery' e il differenziatore chiave. Apple AirTag ha batteria sostituibile MA nessun altro keyring tracker la ha. Enfatizzare.
ANP01E;AirNotch Pro Apple;AirTag alternative with replaceable batteries and louder sound;DA TESTARE;DA TESTARE;DA TESTARE;DA TESTARE;DA TESTARE;DA TESTARE;Chipolo ONE Spot, Pebblebee Clip;AirNotch™ Pro - Keyring Bluetooth tracker;AirNotch Pro - Keyring Bluetooth Tracker | Apple Find My | Replaceable Battery 20 Months | 360° Sound | IP68 | Glow-in-the-Dark;Competitor: AirTag ha una singola batteria. AirNotch ha 2x CR2032 = 20 mesi. Forte vantaggio.
ANP01E;AirNotch Pro Apple;waterproof Bluetooth key finder Apple Find My IP68;DA TESTARE;DA TESTARE;DA TESTARE;DA TESTARE;DA TESTARE;DA TESTARE;AirTag (IP67), Chipolo ONE Spot;AirNotch™ Pro - Keyring Bluetooth tracker;AirNotch Pro - Keyring Bluetooth Tracker | Apple Find My | Replaceable Battery 20 Months | 360° Sound | IP68 | Glow-in-the-Dark;AirNotch e IP68 vs AirTag IP67. Vantaggio da comunicare chiaramente.
ANP01E;AirNotch Pro Apple;best key tracker that glows in the dark 2026;DA TESTARE;DA TESTARE;DA TESTARE;DA TESTARE;DA TESTARE;DA TESTARE;Nessun competitor con glow-in-the-dark;AirNotch™ Pro - Keyring Bluetooth tracker;AirNotch Pro - Keyring Bluetooth Tracker | Apple Find My | Replaceable Battery 20 Months | 360° Sound | IP68 | Glow-in-the-Dark;Feature unica: glow-in-the-dark ispirato agli orologi svizzeri. Nessun competitor ce l'ha.
ANP01E;AirNotch Pro Apple;premium keyring tracker with 360 degree sound;DA TESTARE;DA TESTARE;DA TESTARE;DA TESTARE;DA TESTARE;DA TESTARE;AirTag, Tile Pro;AirNotch™ Pro - Keyring Bluetooth tracker;AirNotch Pro - Keyring Bluetooth Tracker | Apple Find My | Replaceable Battery 20 Months | 360° Sound | IP68 | Glow-in-the-Dark;360 sound con dual buzzer (20mm + 15mm) e unico nel mercato.
ANP01E;AirNotch Pro Apple;rugged Bluetooth tracker for keys outdoor adventure;DA TESTARE;DA TESTARE;DA TESTARE;DA TESTARE;DA TESTARE;DA TESTARE;Tile Pro, Chipolo ONE Spot;AirNotch™ Pro - Keyring Bluetooth tracker;AirNotch Pro - Keyring Bluetooth Tracker | Apple Find My | Replaceable Battery 20 Months | 360° Sound | IP68 | Glow-in-the-Dark;IP68 + 12 viti Torx + frame alluminio CNC = posizionamento 'rugged premium'.
ANP01E;AirNotch Pro Apple;best Bluetooth tracker for finding lost keys iPhone;DA TESTARE;DA TESTARE;DA TESTARE;DA TESTARE;DA TESTARE;DA TESTARE;AirTag, Tile Pro, Chipolo ONE;AirNotch™ Pro - Keyring Bluetooth tracker;AirNotch Pro - Keyring Bluetooth Tracker | Apple Find My | Replaceable Battery 20 Months | 360° Sound | IP68 | Glow-in-the-Dark;Keyword generica ad alto volume. Competizione diretta con AirTag.
ANP01E;AirNotch Pro Apple;Swiss designed Apple Find My key tracker;DA TESTARE;DA TESTARE;DA TESTARE;DA TESTARE;DA TESTARE;DA TESTARE;Nessun competitor 'Swiss designed';AirNotch™ Pro - Keyring Bluetooth tracker;AirNotch Pro - Keyring Bluetooth Tracker | Apple Find My | Replaceable Battery 20 Months | 360° Sound | IP68 | Glow-in-the-Dark;'Designed in Switzerland' aggiunge percezione premium. Usare nella description.
ANP01E;AirNotch Pro Apple;key finder tracker with integrated keyring hook built-in;DA TESTARE;DA TESTARE;DA TESTARE;DA TESTARE;DA TESTARE;DA TESTARE;AirTag (richiede portachiavi separato), Tile Pro;AirNotch™ Pro - Keyring Bluetooth tracker;AirNotch Pro - Keyring Bluetooth Tracker | Apple Find My | Replaceable Battery 20 Months | 360° Sound | IP68 | Glow-in-the-Dark;Hook integrato = no accessori extra necessari. AirTag richiede portachiavi separato ($).
ANP01E;AirNotch Pro Apple;long battery life key tracker no charging needed;DA TESTARE;DA TESTARE;DA TESTARE;DA TESTARE;DA TESTARE;DA TESTARE;AirTag (1 anno), Tile Pro (1 anno);AirNotch™ Pro - Keyring Bluetooth tracker;AirNotch Pro - Keyring Bluetooth Tracker | Apple Find My | Replaceable Battery 20 Months | 360° Sound | IP68 | Glow-in-the-Dark;20 mesi vs 12 mesi di AirTag/Tile. Forte vantaggio competitivo sulla durata batteria.
;;;;;;;;;;;;
ANP02E;AirNotch Pro Google;best Android key tracker with replaceable battery 2026;DA TESTARE;DA TESTARE;DA TESTARE;DA TESTARE;DA TESTARE;DA TESTARE;Samsung SmartTag 2, Tile Pro, Chipolo ONE;AirNotch™ Pro - Keyring Bluetooth tracker;AirNotch Pro - Keyring Bluetooth Tracker | Google Find My Device | Replaceable Battery 20 Months | 360° Sound | IP68;Il mercato Android key tracker e dominato da Samsung SmartTag. Differenziarsi con feature uniche.
ANP02E;AirNotch Pro Google;Google Find Hub keyring tracker waterproof durable;DA TESTARE;DA TESTARE;DA TESTARE;DA TESTARE;DA TESTARE;DA TESTARE;Samsung SmartTag 2, Tile Pro;AirNotch™ Pro - Keyring Bluetooth tracker;AirNotch Pro - Keyring Bluetooth Tracker | Google Find My Device | Replaceable Battery 20 Months | 360° Sound | IP68;Google Find Hub e il nuovo network. Usare come keyword principale per la versione Android.
ANP02E;AirNotch Pro Google;Bluetooth tracker for keys Samsung Galaxy compatible;DA TESTARE;DA TESTARE;DA TESTARE;DA TESTARE;DA TESTARE;DA TESTARE;Samsung SmartTag 2, Tile Pro;AirNotch™ Pro - Keyring Bluetooth tracker;AirNotch Pro - Keyring Bluetooth Tracker | Google Find My Device | Replaceable Battery 20 Months | 360° Sound | IP68;Menzionare compatibilita Samsung Galaxy nella description per SEO.
ANP02E;AirNotch Pro Google;best key finder for Android phone with loud alarm;DA TESTARE;DA TESTARE;DA TESTARE;DA TESTARE;DA TESTARE;DA TESTARE;Samsung SmartTag 2, Tile Pro;AirNotch™ Pro - Keyring Bluetooth tracker;AirNotch Pro - Keyring Bluetooth Tracker | Google Find My Device | Replaceable Battery 20 Months | 360° Sound | IP68;360 sound e dual buzzer sono differenziatori unici rispetto a SmartTag 2.
ANP02E;AirNotch Pro Google;SmartTag alternative with longer battery and glow in dark;DA TESTARE;DA TESTARE;DA TESTARE;DA TESTARE;DA TESTARE;DA TESTARE;Samsung SmartTag 2, Tile Pro, Chipolo;AirNotch™ Pro - Keyring Bluetooth tracker;AirNotch Pro - Keyring Bluetooth Tracker | Google Find My Device | Replaceable Battery 20 Months | 360° Sound | IP68;'SmartTag alternative' e una keyword strategica per il mercato Android.
ANP02E;AirNotch Pro Google;rugged waterproof key finder for Android IP68 outdoor;DA TESTARE;DA TESTARE;DA TESTARE;DA TESTARE;DA TESTARE;DA TESTARE;Samsung SmartTag 2, Tile Pro;AirNotch™ Pro - Keyring Bluetooth tracker;AirNotch Pro - Keyring Bluetooth Tracker | Google Find My Device | Replaceable Battery 20 Months | 360° Sound | IP68;IP68 batte SmartTag 2 (IP67). Enfatizzare nell'outdoor use case.
ANP02E;AirNotch Pro Google;key tracker for Android with glow in dark and built-in keyring;DA TESTARE;DA TESTARE;DA TESTARE;DA TESTARE;DA TESTARE;DA TESTARE;Nessun competitor Android con glow-in-the-dark;AirNotch™ Pro - Keyring Bluetooth tracker;AirNotch Pro - Keyring Bluetooth Tracker | Google Find My Device | Replaceable Battery 20 Months | 360° Sound | IP68;Glow-in-the-dark e unico anche nel mercato Android. Feature differenziante.
ANP02E;AirNotch Pro Google;Android tracker with 20 month battery life replaceable CR2032;DA TESTARE;DA TESTARE;DA TESTARE;DA TESTARE;DA TESTARE;DA TESTARE;Samsung SmartTag 2 (battery replaceable ma meno durata);AirNotch™ Pro - Keyring Bluetooth tracker;AirNotch Pro - Keyring Bluetooth Tracker | Google Find My Device | Replaceable Battery 20 Months | 360° Sound | IP68;20 mesi con batterie sostituibili e un vantaggio enorme. No ricarica richiesta.
ANP02E;AirNotch Pro Google;best tracker to attach to keys backpack luggage Android;DA TESTARE;DA TESTARE;DA TESTARE;DA TESTARE;DA TESTARE;DA TESTARE;Samsung SmartTag 2, Tile Pro, Chipolo ONE;AirNotch™ Pro - Keyring Bluetooth tracker;AirNotch Pro - Keyring Bluetooth Tracker | Google Find My Device | Replaceable Battery 20 Months | 360° Sound | IP68;Menzionare use cases multipli (chiavi, zaino, valigia) nella description del prodotto.
ANP02E;AirNotch Pro Google;premium Bluetooth key finder with dual buzzers omnidirectional sound;DA TESTARE;DA TESTARE;DA TESTARE;DA TESTARE;DA TESTARE;DA TESTARE;Nessun competitor con dual buzzers;AirNotch™ Pro - Keyring Bluetooth tracker;AirNotch Pro - Keyring Bluetooth Tracker | Google Find My Device | Replaceable Battery 20 Months | 360° Sound | IP68;Dual buzzer = suono piu forte e omnidirezionale. Nessun altro tracker ce l'ha.
;;;;;;;;;;;;
EPC01;EDGE Pro Core;best thin MagSafe phone holder for laptop screen;DA TESTARE;DA TESTARE;DA TESTARE;DA TESTARE;DA TESTARE;DA TESTARE;MOFT Snap, CloudValley, Belkin iPhone Mount;EDGE® Pro Core - MagSafe Phone Holder;EDGE Pro Core - Ultra-Thin MagSafe Laptop Phone Mount | 2.5mm | iPhone & Android | Continuity Camera | Detachable;2.5mm profile e il piu sottile nel mercato. Enfatizzare nel titolo.
EPC01;EDGE Pro Core;iPhone mount for MacBook Continuity Camera MagSafe;DA TESTARE;DA TESTARE;DA TESTARE;DA TESTARE;DA TESTARE;DA TESTARE;Belkin iPhone Mount, MOFT Snap;EDGE® Pro Core - MagSafe Phone Holder;EDGE Pro Core - Ultra-Thin MagSafe Laptop Phone Mount | 2.5mm | iPhone & Android | Continuity Camera | Detachable;Continuity Camera e una feature Apple molto cercata. Includere nel titolo.
EPC01;EDGE Pro Core;MagSafe phone stand detachable for desk and laptop;DA TESTARE;DA TESTARE;DA TESTARE;DA TESTARE;DA TESTARE;DA TESTARE;MOFT, various Amazon stands;EDGE® Pro Core - MagSafe Phone Holder;EDGE Pro Core - Ultra-Thin MagSafe Laptop Phone Mount | 2.5mm | iPhone & Android | Continuity Camera | Detachable;Detachable design = usabile sia su laptop che standalone. Doppia funzione.
EPC01;EDGE Pro Core;universal magnetic phone holder for laptop Android iPhone;DA TESTARE;DA TESTARE;DA TESTARE;DA TESTARE;DA TESTARE;DA TESTARE;CloudValley, TechMatte, MOFT;EDGE® Pro Core - MagSafe Phone Holder;EDGE Pro Core - Ultra-Thin MagSafe Laptop Phone Mount | 2.5mm | iPhone & Android | Continuity Camera | Detachable;Compatibilita universale (iPhone + Android) e un vantaggio vs concorrenti solo-Apple.
EPC01;EDGE Pro Core;CNC aluminum phone mount for monitor slim premium design;DA TESTARE;DA TESTARE;DA TESTARE;DA TESTARE;DA TESTARE;DA TESTARE;Nessun competitor CNC aluminum nel segmento;EDGE® Pro Core - MagSafe Phone Holder;EDGE Pro Core - Ultra-Thin MagSafe Laptop Phone Mount | 2.5mm | iPhone & Android | Continuity Camera | Detachable;CNC aluminum = premium build. Differenziatore vs concorrenti in plastica.
;;;;;;;;;;;;
EPCC01;EDGE Pro Tablet Kit;best MagSafe tablet and phone holder for laptop dual screen;DA TESTARE;DA TESTARE;DA TESTARE;DA TESTARE;DA TESTARE;DA TESTARE;Luna Display, Twelve South, Sidecar only solutions;EDGE® Pro Tablet Kit - Phone & Tablet Holder;EDGE Pro Tablet Kit - MagSafe Phone & Tablet Mount | iPad Sidecar | Dual Screen Setup | Universal | Detachable;Sidecar/dual screen e il use case killer per professionisti.
EPCC01;EDGE Pro Tablet Kit;iPad mount for MacBook dual screen portable setup;DA TESTARE;DA TESTARE;DA TESTARE;DA TESTARE;DA TESTARE;DA TESTARE;Twelve South, Luna Display, portable monitors;EDGE® Pro Tablet Kit - Phone & Tablet Holder;EDGE Pro Tablet Kit - MagSafe Phone & Tablet Mount | iPad Sidecar | Dual Screen Setup | Universal | Detachable;'Dual screen setup' e una keyword molto forte per professionisti e remote workers.
EPCC01;EDGE Pro Tablet Kit;portable second screen holder for iPad MagSafe magnetic;DA TESTARE;DA TESTARE;DA TESTARE;DA TESTARE;DA TESTARE;DA TESTARE;Portable monitors, Luna Display;EDGE® Pro Tablet Kit - Phone & Tablet Holder;EDGE Pro Tablet Kit - MagSafe Phone & Tablet Mount | iPad Sidecar | Dual Screen Setup | Universal | Detachable;'Second screen' e 'portable' catturano l'intent di produttivita in mobilita.
EPCC01;EDGE Pro Tablet Kit;magnetic holder for Android tablet and iPhone on laptop;DA TESTARE;DA TESTARE;DA TESTARE;DA TESTARE;DA TESTARE;DA TESTARE;Nessun competitor per Android tablet + laptop mount;EDGE® Pro Tablet Kit - Phone & Tablet Holder;EDGE Pro Tablet Kit - MagSafe Phone & Tablet Mount | iPad Sidecar | Dual Screen Setup | Universal | Detachable;Compatibilita Android tablet e un differenziatore unico.
EPCC01;EDGE Pro Tablet Kit;best productivity kit for remote workers with tablet phone mount;DA TESTARE;DA TESTARE;DA TESTARE;DA TESTARE;DA TESTARE;DA TESTARE;Various productivity accessories;EDGE® Pro Tablet Kit - Phone & Tablet Holder;EDGE Pro Tablet Kit - MagSafe Phone & Tablet Mount | iPad Sidecar | Dual Screen Setup | Universal | Detachable;'Productivity kit' e 'remote workers' sono keywords target ad alto volume.
;;;;;;;;;;;;
EPK01;EDGE Pro Full Kit;best modular MagSafe phone holder for laptop workspace;DA TESTARE;DA TESTARE;DA TESTARE;DA TESTARE;DA TESTARE;DA TESTARE;MOFT Snap, CloudValley, Charby Orbit;EDGE® Pro Full Kit - MagSafe modular kit;EDGE Pro Full Kit - Modular MagSafe Laptop Mount | Wireless Charger 15W | 1000lm Light | Phone & Tablet Holder | Remote Work Kit;Rolling Square domina per 'modular MagSafe system' ma non per ricerche generiche 'phone holder laptop'.
EPK01;EDGE Pro Full Kit;MagSafe phone mount with wireless charger and light for video calls;DA TESTARE;DA TESTARE;DA TESTARE;DA TESTARE;DA TESTARE;DA TESTARE;Nessun competitor offre charger+light+mount combo;EDGE® Pro Full Kit - MagSafe modular kit;EDGE Pro Full Kit - Modular MagSafe Laptop Mount | Wireless Charger 15W | 1000lm Light | Phone & Tablet Holder | Remote Work Kit;L'unico kit 3-in-1 (mount+charger+light) sul mercato. Differenziatore fortissimo.
EPK01;EDGE Pro Full Kit;Apple Continuity Camera mount for MacBook with charger;DA TESTARE;DA TESTARE;DA TESTARE;DA TESTARE;DA TESTARE;DA TESTARE;MOFT, Belkin iPhone Mount for MacBook;EDGE® Pro Full Kit - MagSafe modular kit;EDGE Pro Full Kit - Modular MagSafe Laptop Mount | Wireless Charger 15W | 1000lm Light | Phone & Tablet Holder | Remote Work Kit;Continuity Camera e una keyword Apple molto cercata. Include nel titolo o description.
EPK01;EDGE Pro Full Kit;best laptop phone holder for remote work home office setup;DA TESTARE;DA TESTARE;DA TESTARE;DA TESTARE;DA TESTARE;DA TESTARE;MOFT Snap, CloudValley, Amazon generics;EDGE® Pro Full Kit - MagSafe modular kit;EDGE Pro Full Kit - Modular MagSafe Laptop Mount | Wireless Charger 15W | 1000lm Light | Phone & Tablet Holder | Remote Work Kit;Remote work/home office sono keywords ad alto volume post-pandemia.
EPK01;EDGE Pro Full Kit;MagSafe modular ecosystem phone tablet holder wireless charger light;DA TESTARE;DA TESTARE;DA TESTARE;DA TESTARE;DA TESTARE;DA TESTARE;Nessun competitor con ecosistema modulare completo;EDGE® Pro Full Kit - MagSafe modular kit;EDGE Pro Full Kit - Modular MagSafe Laptop Mount | Wireless Charger 15W | 1000lm Light | Phone & Tablet Holder | Remote Work Kit;'Modular ecosystem' e il posizionamento unico. Nessun competitor offre tutto insieme.
EPK01;EDGE Pro Full Kit;portable desk setup for remote workers with MagSafe;DA TESTARE;DA TESTARE;DA TESTARE;DA TESTARE;DA TESTARE;DA TESTARE;Various desk accessories, no direct competitor;EDGE® Pro Full Kit - MagSafe modular kit;EDGE Pro Full Kit - Modular MagSafe Laptop Mount | Wireless Charger 15W | 1000lm Light | Phone & Tablet Holder | Remote Work Kit;Posizionarsi come 'portable workstation' per remote workers e digital nomads.
EPK01;EDGE Pro Full Kit;phone holder for Zoom Microsoft Teams video conference lighting;DA TESTARE;DA TESTARE;DA TESTARE;DA TESTARE;DA TESTARE;DA TESTARE;Ring lights, separate phone mounts;EDGE® Pro Full Kit - MagSafe modular kit;EDGE Pro Full Kit - Modular MagSafe Laptop Mount | Wireless Charger 15W | 1000lm Light | Phone & Tablet Holder | Remote Work Kit;Menzionare Zoom/Teams nella description per catturare ricerche di videoconferenza.
EPK01;EDGE Pro Full Kit;iPad Sidecar mount for MacBook with MagSafe;DA TESTARE;DA TESTARE;DA TESTARE;DA TESTARE;DA TESTARE;DA TESTARE;Luna Display, Twelve South;EDGE® Pro Full Kit - MagSafe modular kit;EDGE Pro Full Kit - Modular MagSafe Laptop Mount | Wireless Charger 15W | 1000lm Light | Phone & Tablet Holder | Remote Work Kit;Sidecar e una keyword Apple importante. Supporto tablet = secondo schermo.
EPK01;EDGE Pro Full Kit;best productivity accessories for MacBook Pro 2026;DA TESTARE;DA TESTARE;DA TESTARE;DA TESTARE;DA TESTARE;DA TESTARE;CalDigit, Satechi, Twelve South, MOFT;EDGE® Pro Full Kit - MagSafe modular kit;EDGE Pro Full Kit - Modular MagSafe Laptop Mount | Wireless Charger 15W | 1000lm Light | Phone & Tablet Holder | Remote Work Kit;Keyword generica ma cattura l'intent di chi cerca accessori per MacBook.
EPK01;EDGE Pro Full Kit;CNC aluminum MagSafe phone mount premium Swiss design;DA TESTARE;DA TESTARE;DA TESTARE;DA TESTARE;DA TESTARE;DA TESTARE;Nessun competitor CNC + Swiss nel segmento;EDGE® Pro Full Kit - MagSafe modular kit;EDGE Pro Full Kit - Modular MagSafe Laptop Mount | Wireless Charger 15W | 1000lm Light | Phone & Tablet Holder | Remote Work Kit;Materiali premium (CNC aluminum + N52 magnets) comunicano qualita. Usare nella description.
;;;;;;;;;;;;
SIX01;inCharge 6;best 6 in 1 keychain cable cheap affordable;DA TESTARE;DA TESTARE;DA TESTARE;DA TESTARE;DA TESTARE;DA TESTARE;PONICOR, Amazon generics, TapTag;inCharge® 6 - 6in1 Keyring Cable;inCharge 6 - 6-in-1 Keyring Cable | USB-C Lightning Micro-USB USB-A | Data Transfer | Compact Portable Charging;Posizionarsi come entry-level premium. $19.90 e competitivo.
SIX01;inCharge 6;small multi charging cable for all devices keyring;DA TESTARE;DA TESTARE;DA TESTARE;DA TESTARE;DA TESTARE;DA TESTARE;PONICOR, Amazon generics;inCharge® 6 - 6in1 Keyring Cable;inCharge 6 - 6-in-1 Keyring Cable | USB-C Lightning Micro-USB USB-A | Data Transfer | Compact Portable Charging;'All devices' + 'keyring' sono le keywords di conversione piu forti per questo prodotto.
SIX01;inCharge 6;budget keychain cable USB-C Lightning Micro-USB;DA TESTARE;DA TESTARE;DA TESTARE;DA TESTARE;DA TESTARE;DA TESTARE;Amazon generics, AliExpress products;inCharge® 6 - 6in1 Keyring Cable;inCharge 6 - 6-in-1 Keyring Cable | USB-C Lightning Micro-USB USB-A | Data Transfer | Compact Portable Charging;Differenziarsi dai generici con build quality e Swiss design.
SIX01;inCharge 6;6 in 1 cable that fits on keychain with data transfer;DA TESTARE;DA TESTARE;DA TESTARE;DA TESTARE;DA TESTARE;DA TESTARE;La maggior parte dei budget cables non ha data transfer;inCharge® 6 - 6in1 Keyring Cable;inCharge 6 - 6-in-1 Keyring Cable | USB-C Lightning Micro-USB USB-A | Data Transfer | Compact Portable Charging;Data transfer e un differenziatore vs budget alternatives. Menzionare nel titolo.
SIX01;inCharge 6;best gift tech gadget under $20 charging cable;DA TESTARE;DA TESTARE;DA TESTARE;DA TESTARE;DA TESTARE;DA TESTARE;Various tech gadgets;inCharge® 6 - 6in1 Keyring Cable;inCharge 6 - 6-in-1 Keyring Cable | USB-C Lightning Micro-USB USB-A | Data Transfer | Compact Portable Charging;$19.90 = perfetto come regalo tech. Keyword 'gift under $20' ha alto volume stagionale.
SIX01;inCharge 6;portable charging cable under $20 for travel;DA TESTARE;DA TESTARE;DA TESTARE;DA TESTARE;DA TESTARE;DA TESTARE;Amazon generics, PONICOR;inCharge® 6 - 6in1 Keyring Cable;inCharge 6 - 6-in-1 Keyring Cable | USB-C Lightning Micro-USB USB-A | Data Transfer | Compact Portable Charging;Punto prezzo $19.90 e perfetto per il segmento 'under $20'. Usare in advertising.
SIX01;inCharge 6;6 in 1 cable with USB-A USB-C Lightning Micro-USB input output;DA TESTARE;DA TESTARE;DA TESTARE;DA TESTARE;DA TESTARE;DA TESTARE;PONICOR, Amazon generics;inCharge® 6 - 6in1 Keyring Cable;inCharge 6 - 6-in-1 Keyring Cable | USB-C Lightning Micro-USB USB-A | Data Transfer | Compact Portable Charging;Elencare tutti i connettori nel titolo per massimizzare match con ricerche specifiche.
SIX01;inCharge 6;best cable to carry everywhere attach to keys;DA TESTARE;DA TESTARE;DA TESTARE;DA TESTARE;DA TESTARE;DA TESTARE;Native Union Key Cable, Amazon generics;inCharge® 6 - 6in1 Keyring Cable;inCharge 6 - 6-in-1 Keyring Cable | USB-C Lightning Micro-USB USB-A | Data Transfer | Compact Portable Charging;Keyring design = sempre con te. Comunicare il concetto 'never forget your cable'.
SIX01;inCharge 6;compact multi cable for charging phone from power bank;DA TESTARE;DA TESTARE;DA TESTARE;DA TESTARE;DA TESTARE;DA TESTARE;Anker short cables, Amazon generics;inCharge® 6 - 6in1 Keyring Cable;inCharge 6 - 6-in-1 Keyring Cable | USB-C Lightning Micro-USB USB-A | Data Transfer | Compact Portable Charging;Power bank + multi cable e un combo molto cercato. Menzionare nella description.
SIX01;inCharge 6;cable that works with iPhone Android and old Micro-USB devices;DA TESTARE;DA TESTARE;DA TESTARE;DA TESTARE;DA TESTARE;DA TESTARE;PONICOR, Amazon generics;inCharge® 6 - 6in1 Keyring Cable;inCharge 6 - 6-in-1 Keyring Cable | USB-C Lightning Micro-USB USB-A | Data Transfer | Compact Portable Charging;Retrocompatibilita Micro-USB e un vantaggio per chi ha vecchi dispositivi (cuffie, e-reader, etc).
;;;;;;;;;;;;
TAU201E;TAU 2;best keyring power bank for emergency phone charging;DA TESTARE;DA TESTARE;DA TESTARE;DA TESTARE;DA TESTARE;DA TESTARE;Snap PowerPack Nano, Anker Nano, Raxfly keychain bank;TAU® 2 - Emergency keyring power bank;TAU 2 - Keyring Emergency Power Bank | 2000mAh | USB-C Lightning Micro-USB | Magnetic Dock | Digital ID | Smaller than AirPods;Rolling Square domina questo segmento nei risultati web. Mantenere posizione.
TAU201E;TAU 2;smallest power bank that fits on keychain;DA TESTARE;DA TESTARE;DA TESTARE;DA TESTARE;DA TESTARE;DA TESTARE;Anker Nano, Snap PowerPack Nano, iWalk;TAU® 2 - Emergency keyring power bank;TAU 2 - Keyring Emergency Power Bank | 2000mAh | USB-C Lightning Micro-USB | Magnetic Dock | Digital ID | Smaller than AirPods;'Smaller than AirPods Pro' e un claim potentissimo. Usare nel titolo.
TAU201E;TAU 2;power bank with built-in cables USB-C Lightning keychain;DA TESTARE;DA TESTARE;DA TESTARE;DA TESTARE;DA TESTARE;DA TESTARE;iWalk small power bank, Anker Nano;TAU® 2 - Emergency keyring power bank;TAU 2 - Keyring Emergency Power Bank | 2000mAh | USB-C Lightning Micro-USB | Magnetic Dock | Digital ID | Smaller than AirPods;Built-in cables = no cavi extra. Differenziatore rispetto a power bank tradizionali.
TAU201E;TAU 2;emergency phone charger for keys always charged magnetic dock;DA TESTARE;DA TESTARE;DA TESTARE;DA TESTARE;DA TESTARE;DA TESTARE;Nessun competitor con magnetic dock per keychain;TAU® 2 - Emergency keyring power bank;TAU 2 - Keyring Emergency Power Bank | 2000mAh | USB-C Lightning Micro-USB | Magnetic Dock | Digital ID | Smaller than AirPods;Magnetic dock = sempre carico. Concept 'always-ready' e unico.
TAU201E;TAU 2;portable charger 2000mAh for iPhone Android compact;DA TESTARE;DA TESTARE;DA TESTARE;DA TESTARE;DA TESTARE;DA TESTARE;Anker Nano 5000, iWalk LinkPod;TAU® 2 - Emergency keyring power bank;TAU 2 - Keyring Emergency Power Bank | 2000mAh | USB-C Lightning Micro-USB | Magnetic Dock | Digital ID | Smaller than AirPods;2000mAh = sufficiente per 30-54% di ricarica. Comunicare percentuali reali.
TAU201E;TAU 2;best gift portable power bank keychain 2026;DA TESTARE;DA TESTARE;DA TESTARE;DA TESTARE;DA TESTARE;DA TESTARE;Anker Nano, Amazon generics;TAU® 2 - Emergency keyring power bank;TAU 2 - Keyring Emergency Power Bank | 2000mAh | USB-C Lightning Micro-USB | Magnetic Dock | Digital ID | Smaller than AirPods;Prodotto ideale come regalo. Keyword 'gift' e stagionale ma molto forte.
TAU201E;TAU 2;keychain power bank with NFC and digital ID lost mode;DA TESTARE;DA TESTARE;DA TESTARE;DA TESTARE;DA TESTARE;DA TESTARE;Nessun competitor con NFC/Digital ID;TAU® 2 - Emergency keyring power bank;TAU 2 - Keyring Emergency Power Bank | 2000mAh | USB-C Lightning Micro-USB | Magnetic Dock | Digital ID | Smaller than AirPods;NFC + Digital ID e un unicum nel mercato dei power bank. Feature da comunicare.
TAU201E;TAU 2;power bank that charges from a magnetic dock on desk;DA TESTARE;DA TESTARE;DA TESTARE;DA TESTARE;DA TESTARE;DA TESTARE;Nessun competitor diretto con questo concept;TAU® 2 - Emergency keyring power bank;TAU 2 - Keyring Emergency Power Bank | 2000mAh | USB-C Lightning Micro-USB | Magnetic Dock | Digital ID | Smaller than AirPods;Il concept dock magnetico e unico. Descrivere il workflow: dock su scrivania > prendi le chiavi > power bank carico.
TAU201E;TAU 2;pass-through charging power bank mini universal compatible;DA TESTARE;DA TESTARE;DA TESTARE;DA TESTARE;DA TESTARE;DA TESTARE;Anker Nano, iWalk;TAU® 2 - Emergency keyring power bank;TAU 2 - Keyring Emergency Power Bank | 2000mAh | USB-C Lightning Micro-USB | Magnetic Dock | Digital ID | Smaller than AirPods;Pass-through charging = ricarica il telefono mentre il TAU e in carica. Feature tecnica da comunicare.
TAU201E;TAU 2;compact EDC keychain charger for iPhone Android everyday carry;DA TESTARE;DA TESTARE;DA TESTARE;DA TESTARE;DA TESTARE;DA TESTARE;iWalk, Anker Nano, Snap Nano;TAU® 2 - Emergency keyring power bank;TAU 2 - Keyring Emergency Power Bank | 2000mAh | USB-C Lightning Micro-USB | Magnetic Dock | Digital ID | Smaller than AirPods;Target EDC community: enfatizzare dimensioni minuscole e peso leggero.
;;;;;;;;;;;;
TRAV30R;Pocket Travel 30W;best 30W USB-C travel adapter compact worldwide;DA TESTARE;DA TESTARE;DA TESTARE;DA TESTARE;DA TESTARE;DA TESTARE;Anker Nano, Epicka, various 30W chargers;Pocket Travel Charger 30W;Pocket Travel Charger 30W - Compact Universal Adapter | US EU UK AU Plugs | USB-C Fast Charging | Worldwide;30W e sufficiente per iPhone fast charging + iPad. Comunicare.
TRAV30R;Pocket Travel 30W;compact 30W charger with international plug adapter US EU UK AU;DA TESTARE;DA TESTARE;DA TESTARE;DA TESTARE;DA TESTARE;DA TESTARE;Epicka, LENCENT, Tessan;Pocket Travel Charger 30W;Pocket Travel Charger 30W - Compact Universal Adapter | US EU UK AU Plugs | USB-C Fast Charging | Worldwide;Listare tutti i plug supportati nel titolo per matchare ricerche specifiche.
TRAV30R;Pocket Travel 30W;best charger for iPhone fast charging while traveling abroad;DA TESTARE;DA TESTARE;DA TESTARE;DA TESTARE;DA TESTARE;DA TESTARE;Anker Nano, Apple 30W adapter;Pocket Travel Charger 30W;Pocket Travel Charger 30W - Compact Universal Adapter | US EU UK AU Plugs | USB-C Fast Charging | Worldwide;30W = iPhone fast charging completo. Comunicare beneficio pratico.
TRAV30R;Pocket Travel 30W;multi plug travel charger for Europe Asia South America;DA TESTARE;DA TESTARE;DA TESTARE;DA TESTARE;DA TESTARE;DA TESTARE;Epicka, Ceptics, Tessan;Pocket Travel Charger 30W;Pocket Travel Charger 30W - Compact Universal Adapter | US EU UK AU Plugs | USB-C Fast Charging | Worldwide;Ricerche per destinazione sono molto comuni. Usare nella description.
TRAV30R;Pocket Travel 30W;small travel adapter USB-C PD for business travelers;DA TESTARE;DA TESTARE;DA TESTARE;DA TESTARE;DA TESTARE;DA TESTARE;Epicka, LENCENT, Foval;Pocket Travel Charger 30W;Pocket Travel Charger 30W - Compact Universal Adapter | US EU UK AU Plugs | USB-C Fast Charging | Worldwide;Business travelers e un target premium. Compattezza e USB-C PD sono fondamentali.
;;;;;;;;;;;;
TRAVPKR;Pocket Travel 20W;best compact travel adapter with USB-C for international trips;DA TESTARE;DA TESTARE;DA TESTARE;DA TESTARE;DA TESTARE;DA TESTARE;Epicka universal adapter, Ceptics, Foval;Pocket Travel Charger 20W;Pocket Travel Charger 20W - Compact Universal Adapter | US EU UK AU Plugs | USB-C Fast Charging | Worldwide Travel;Mercato travel adapter e molto competitivo. Differenziarsi con compattezza e USB-C.
TRAVPKR;Pocket Travel 20W;smallest universal plug adapter with USB-C charging;DA TESTARE;DA TESTARE;DA TESTARE;DA TESTARE;DA TESTARE;DA TESTARE;Epicka, Tessan, LENCENT;Pocket Travel Charger 20W;Pocket Travel Charger 20W - Compact Universal Adapter | US EU UK AU Plugs | USB-C Fast Charging | Worldwide Travel;Compattezza e il vantaggio principale vs adattatori universali standard.
TRAVPKR;Pocket Travel 20W;travel charger adapter US EU UK AU plug all in one;DA TESTARE;DA TESTARE;DA TESTARE;DA TESTARE;DA TESTARE;DA TESTARE;Epicka, Ceptics, LENCENT;Pocket Travel Charger 20W;Pocket Travel Charger 20W - Compact Universal Adapter | US EU UK AU Plugs | USB-C Fast Charging | Worldwide Travel;Listare tutti i plug supportati nel titolo per massimizzare le ricerche.
TRAVPKR;Pocket Travel 20W;best USB-C travel adapter for Europe and Asia;DA TESTARE;DA TESTARE;DA TESTARE;DA TESTARE;DA TESTARE;DA TESTARE;Epicka, Ceptics, Tessan;Pocket Travel Charger 20W;Pocket Travel Charger 20W - Compact Universal Adapter | US EU UK AU Plugs | USB-C Fast Charging | Worldwide Travel;Ricerche per destinazione (Europe, Asia) sono comuni. Usare nella description.
TRAVPKR;Pocket Travel 20W;portable phone charger for international travel with adapters;DA TESTARE;DA TESTARE;DA TESTARE;DA TESTARE;DA TESTARE;DA TESTARE;Epicka, LENCENT, Foval;Pocket Travel Charger 20W;Pocket Travel Charger 20W - Compact Universal Adapter | US EU UK AU Plugs | USB-C Fast Charging | Worldwide Travel;Combinare 'charger' + 'adapter' nel titolo cattura entrambi gli intent.
TRAVPKR;Pocket Travel 20W;best budget travel adapter with USB-C under $30;DA TESTARE;DA TESTARE;DA TESTARE;DA TESTARE;DA TESTARE;DA TESTARE;Epicka, LENCENT, Amazon generics;Pocket Travel Charger 20W;Pocket Travel Charger 20W - Compact Universal Adapter | US EU UK AU Plugs | USB-C Fast Charging | Worldwide Travel;Prezzo $29.90 e competitivo. Posizionamento budget-friendly con qualita svizzera.
TRAVPKR;Pocket Travel 20W;compact USB-C wall charger with swappable international plugs;DA TESTARE;DA TESTARE;DA TESTARE;DA TESTARE;DA TESTARE;DA TESTARE;Epicka, Tessan;Pocket Travel Charger 20W;Pocket Travel Charger 20W - Compact Universal Adapter | US EU UK AU Plugs | USB-C Fast Charging | Worldwide Travel;Plug intercambiabili vs adattatore universale bulky. Enfatizzare compattezza.
TRAVPKR;Pocket Travel 20W;20W USB-C PD charger for iPhone with travel adapter built in;DA TESTARE;DA TESTARE;DA TESTARE;DA TESTARE;DA TESTARE;DA TESTARE;Apple 20W adapter + separate adapter, Anker;Pocket Travel Charger 20W;Pocket Travel Charger 20W - Compact Universal Adapter | US EU UK AU Plugs | USB-C Fast Charging | Worldwide Travel;20W = carica veloce iPhone standard. Adapter integrato = meno accessori da portare.
TRAVPKR;Pocket Travel 20W;lightweight travel charger for backpacking carry-on essentials;DA TESTARE;DA TESTARE;DA TESTARE;DA TESTARE;DA TESTARE;DA TESTARE;Epicka, various ultralight chargers;Pocket Travel Charger 20W;Pocket Travel Charger 20W - Compact Universal Adapter | US EU UK AU Plugs | USB-C Fast Charging | Worldwide Travel;Target backpackers e light travelers. Peso leggero come selling point.
TRAVPKR;Pocket Travel 20W;universal phone charger for world travel one charger all countries;DA TESTARE;DA TESTARE;DA TESTARE;DA TESTARE;DA TESTARE;DA TESTARE;Epicka, LENCENT, Foval;Pocket Travel Charger 20W;Pocket Travel Charger 20W - Compact Universal Adapter | US EU UK AU Plugs | USB-C Fast Charging | Worldwide Travel;'One charger all countries' e una frase intent-based molto potente.
;;;;;;;;;;;;
X01W;inCharge X;best 6 in 1 keyring charging cable 100W;DA TESTARE;DA TESTARE;DA TESTARE;DA TESTARE;DA TESTARE;DA TESTARE;PONICOR 6-in-1, Chubbycable, Amazon generics;inCharge® X - 100W 6in1 Keyring Cable;inCharge X - 100W 6-in-1 Keyring Cable | USB-C Lightning Micro-USB | Fast Charging | Data Transfer | Swiss Design;6-in-1 a 100W e il miglior rapporto versatilita/potenza nel segmento.
X01W;inCharge X;universal charging cable for all devices keychain;DA TESTARE;DA TESTARE;DA TESTARE;DA TESTARE;DA TESTARE;DA TESTARE;PONICOR, Chubbycable, Amazon generics;inCharge® X - 100W 6in1 Keyring Cable;inCharge X - 100W 6-in-1 Keyring Cable | USB-C Lightning Micro-USB | Fast Charging | Data Transfer | Swiss Design;'Universal' e 'all devices' sono keywords ad alto volume per questo prodotto.
X01W;inCharge X;keychain cable USB-C Lightning Micro-USB all in one;DA TESTARE;DA TESTARE;DA TESTARE;DA TESTARE;DA TESTARE;DA TESTARE;PONICOR, vari Amazon generics;inCharge® X - 100W 6in1 Keyring Cable;inCharge X - 100W 6-in-1 Keyring Cable | USB-C Lightning Micro-USB | Fast Charging | Data Transfer | Swiss Design;Elencare tutti i connettori nel titolo per matchare ricerche specifiche.
X01W;inCharge X;best compact charging cable for iPhone and MacBook 100W;DA TESTARE;DA TESTARE;DA TESTARE;DA TESTARE;DA TESTARE;DA TESTARE;Anker, Belkin, Native Union;inCharge® X - 100W 6in1 Keyring Cable;inCharge X - 100W 6-in-1 Keyring Cable | USB-C Lightning Micro-USB | Fast Charging | Data Transfer | Swiss Design;100W = puo caricare MacBook Air a velocita piena. Comunicare nel titolo/description.
X01W;inCharge X;6 in 1 multi cable for travel lightweight portable;DA TESTARE;DA TESTARE;DA TESTARE;DA TESTARE;DA TESTARE;DA TESTARE;PONICOR, Chubbycable;inCharge® X - 100W 6in1 Keyring Cable;inCharge X - 100W 6-in-1 Keyring Cable | USB-C Lightning Micro-USB | Fast Charging | Data Transfer | Swiss Design;23g di peso = leggerissimo. Comunicare il peso esatto per convincere i viaggiatori.
X01W;inCharge X;best keychain cable for everyday carry EDC charging;DA TESTARE;DA TESTARE;DA TESTARE;DA TESTARE;DA TESTARE;DA TESTARE;Native Union Key Cable, vari EDC cables;inCharge® X - 100W 6in1 Keyring Cable;inCharge X - 100W 6-in-1 Keyring Cable | USB-C Lightning Micro-USB | Fast Charging | Data Transfer | Swiss Design;Target EDC community: enfatizzare peso (23g), dimensioni compatte, keyring integrato.
X01W;inCharge X;short USB cable with multiple connectors for power bank;DA TESTARE;DA TESTARE;DA TESTARE;DA TESTARE;DA TESTARE;DA TESTARE;Anker short cables, Amazon generics;inCharge® X - 100W 6in1 Keyring Cable;inCharge X - 100W 6-in-1 Keyring Cable | USB-C Lightning Micro-USB | Fast Charging | Data Transfer | Swiss Design;Uso con power bank e un caso d'uso frequente. Menzionare nella description.
X01W;inCharge X;Swiss made durable keyring cable zinc alloy connectors;DA TESTARE;DA TESTARE;DA TESTARE;DA TESTARE;DA TESTARE;DA TESTARE;Nessun competitor 'Swiss' nel segmento;inCharge® X - 100W 6in1 Keyring Cable;inCharge X - 100W 6-in-1 Keyring Cable | USB-C Lightning Micro-USB | Fast Charging | Data Transfer | Swiss Design;Swiss design + zinc-aluminum alloy = posizionamento premium.
X01W;inCharge X;best cable to charge Nintendo Switch phone and laptop together;DA TESTARE;DA TESTARE;DA TESTARE;DA TESTARE;DA TESTARE;DA TESTARE;Nessun competitor keyring per Switch+phone+laptop;inCharge® X - 100W 6in1 Keyring Cable;inCharge X - 100W 6-in-1 Keyring Cable | USB-C Lightning Micro-USB | Fast Charging | Data Transfer | Swiss Design;Menzionare Nintendo Switch e altri device nella description per catturare ricerche specifiche.
X01W;inCharge X;multi purpose charging cable for iPhone Android MacBook;DA TESTARE;DA TESTARE;DA TESTARE;DA TESTARE;DA TESTARE;DA TESTARE;Amazon generics, Anker, Belkin;inCharge® X - 100W 6in1 Keyring Cable;inCharge X - 100W 6-in-1 Keyring Cable | USB-C Lightning Micro-USB | Fast Charging | Data Transfer | Swiss Design;Listare device compatibili (iPhone, Android, MacBook) nella description migliora SEO.
;;;;;;;;;;;;
XLL01E;inCharge XL 300cm;best extra long 6 in 1 cable 3 meters 10 feet;DA TESTARE;DA TESTARE;DA TESTARE;DA TESTARE;DA TESTARE;DA TESTARE;Anker 10ft, Amazon generics;inCharge® XL 300cm - 100W 6in1 Cable;inCharge XL 3m - 6-in-1 Cable | 100W USB-C Fast Charging | Lightning Micro-USB | Nylon Braided | 10ft;10ft/3m = massima flessibilita. Per uso in stanze grandi, letti, divani.
XLL01E;inCharge XL 300cm;long charging cable for bed couch 100W USB-C multi-connector;DA TESTARE;DA TESTARE;DA TESTARE;DA TESTARE;DA TESTARE;DA TESTARE;Anker 10ft cables, Amazon generics;inCharge® XL 300cm - 100W 6in1 Cable;inCharge XL 3m - 6-in-1 Cable | 100W USB-C Fast Charging | Lightning Micro-USB | Nylon Braided | 10ft;'Cable for bed' e una ricerca sorprendentemente comune. 3m = raggiunge ovunque.
XLL01E;inCharge XL 300cm;10 foot USB cable that works with all phones and laptops;DA TESTARE;DA TESTARE;DA TESTARE;DA TESTARE;DA TESTARE;DA TESTARE;Anker, Amazon generics;inCharge® XL 300cm - 100W 6in1 Cable;inCharge XL 3m - 6-in-1 Cable | 100W USB-C Fast Charging | Lightning Micro-USB | Nylon Braided | 10ft;Molti utenti cercano in feet (10ft) per mercato US. Includere nella description.
XLL01E;inCharge XL 300cm;extra long multi cable USB-C Lightning 100W for living room;DA TESTARE;DA TESTARE;DA TESTARE;DA TESTARE;DA TESTARE;DA TESTARE;Anker 10ft, Belkin long cables;inCharge® XL 300cm - 100W 6in1 Cable;inCharge XL 3m - 6-in-1 Cable | 100W USB-C Fast Charging | Lightning Micro-USB | Nylon Braided | 10ft;Living room + bedroom sono use case della versione 3m.
XLL01E;inCharge XL 300cm;3 meter premium braided cable USB-C fast charge multi-device;DA TESTARE;DA TESTARE;DA TESTARE;DA TESTARE;DA TESTARE;DA TESTARE;Anker braided, Native Union belt cable;inCharge® XL 300cm - 100W 6in1 Cable;inCharge XL 3m - 6-in-1 Cable | 100W USB-C Fast Charging | Lightning Micro-USB | Nylon Braided | 10ft;Nylon braided + 100W + 6-in-1 a 3m e un combo unico nel mercato.
;;;;;;;;;;;;
XLM01E;inCharge XL 200cm;best 2 meter 6 in 1 multi cable 100W fast charging;DA TESTARE;DA TESTARE;DA TESTARE;DA TESTARE;DA TESTARE;DA TESTARE;Anker, Amazon generics, Belkin;inCharge® XL 200cm - 100W 6in1 Cable;inCharge XL 2m - 6-in-1 Cable | 100W USB-C Fast Charging | Lightning Micro-USB | Nylon Braided | 6.5ft;200cm/6.5ft e la lunghezza perfetta per uso sofa-to-outlet. Comunicare use case.
XLM01E;inCharge XL 200cm;long USB-C cable that also charges iPhone and old devices;DA TESTARE;DA TESTARE;DA TESTARE;DA TESTARE;DA TESTARE;DA TESTARE;Anker, Amazon multi-cables;inCharge® XL 200cm - 100W 6in1 Cable;inCharge XL 2m - 6-in-1 Cable | 100W USB-C Fast Charging | Lightning Micro-USB | Nylon Braided | 6.5ft;Versatilita multi-device e il vantaggio principale della versione lunga.
XLM01E;inCharge XL 200cm;6 in 1 cable for home use couch to wall charger 100W;DA TESTARE;DA TESTARE;DA TESTARE;DA TESTARE;DA TESTARE;DA TESTARE;Anker, Belkin, Amazon generics;inCharge® XL 200cm - 100W 6in1 Cable;inCharge XL 2m - 6-in-1 Cable | 100W USB-C Fast Charging | Lightning Micro-USB | Nylon Braided | 6.5ft;'Couch to charger' e un use case frequentissimo. 2m e la lunghezza ideale.
XLM01E;inCharge XL 200cm;multi-connector cable USB-C Lightning 100W for family household;DA TESTARE;DA TESTARE;DA TESTARE;DA TESTARE;DA TESTARE;DA TESTARE;Anker multi-cable, Amazon generics;inCharge® XL 200cm - 100W 6in1 Cable;inCharge XL 2m - 6-in-1 Cable | 100W USB-C Fast Charging | Lightning Micro-USB | Nylon Braided | 6.5ft;Un cavo per tutta la famiglia (iPhone + Android). Comunicare nella description.
XLM01E;inCharge XL 200cm;durable nylon braided USB cable 2 meters multi-device;DA TESTARE;DA TESTARE;DA TESTARE;DA TESTARE;DA TESTARE;DA TESTARE;Anker braided, Belkin braided;inCharge® XL 200cm - 100W 6in1 Cable;inCharge XL 2m - 6-in-1 Cable | 100W USB-C Fast Charging | Lightning Micro-USB | Nylon Braided | 6.5ft;Build quality e durabilita come differenziatori vs cavi economici.
;;;;;;;;;;;;
XLS01E;inCharge XL 30cm;best short 6 in 1 travel cable USB-C 100W;DA TESTARE;DA TESTARE;DA TESTARE;DA TESTARE;DA TESTARE;DA TESTARE;PONICOR, Amazon generics, Anker short cables;inCharge® XL 30cm - 100W 6in1 Travel Cable;inCharge XL 30cm - 6-in-1 Travel Cable | 100W USB-C | Lightning Micro-USB | Compact Fast Charging Cable;30cm/1ft e la lunghezza ideale per power bank. Comunicare questo use case.
XLS01E;inCharge XL 30cm;compact 6 in 1 USB cable for travel bag;DA TESTARE;DA TESTARE;DA TESTARE;DA TESTARE;DA TESTARE;DA TESTARE;PONICOR, Amazon generics;inCharge® XL 30cm - 100W 6in1 Travel Cable;inCharge XL 30cm - 6-in-1 Travel Cable | 100W USB-C | Lightning Micro-USB | Compact Fast Charging Cable;Travel bag + compatto sono keywords intent-based per viaggiatori.
XLS01E;inCharge XL 30cm;100W USB-C cable that also charges iPhone and old devices;DA TESTARE;DA TESTARE;DA TESTARE;DA TESTARE;DA TESTARE;DA TESTARE;Anker, Belkin, Amazon generics;inCharge® XL 30cm - 100W 6in1 Travel Cable;inCharge XL 30cm - 6-in-1 Travel Cable | 100W USB-C | Lightning Micro-USB | Compact Fast Charging Cable;Retrocompatibilita (Micro-USB) e un vantaggio per chi ha vecchi dispositivi.
XLS01E;inCharge XL 30cm;universal multi cable one cable for all devices 2026;DA TESTARE;DA TESTARE;DA TESTARE;DA TESTARE;DA TESTARE;DA TESTARE;PONICOR, Chubbycable, Amazon generics;inCharge® XL 30cm - 100W 6in1 Travel Cable;inCharge XL 30cm - 6-in-1 Travel Cable | 100W USB-C | Lightning Micro-USB | Compact Fast Charging Cable;'One cable for all' e una frase potentissima per catturare l'intent di semplificazione.
XLS01E;inCharge XL 30cm;braided nylon USB-C cable short for desk power bank;DA TESTARE;DA TESTARE;DA TESTARE;DA TESTARE;DA TESTARE;DA TESTARE;Anker braided cables, Amazon generics;inCharge® XL 30cm - 100W 6in1 Travel Cable;inCharge XL 30cm - 6-in-1 Travel Cable | 100W USB-C | Lightning Micro-USB | Compact Fast Charging Cable;Materiale braided nylon + aramid fiber comunica durabilita. Menzionare nella description.
XLS01E;inCharge XL 30cm;best short multi-cable for desk setup clean workspace;DA TESTARE;DA TESTARE;DA TESTARE;DA TESTARE;DA TESTARE;DA TESTARE;Anker short cables, Amazon generics;inCharge® XL 30cm - 100W 6in1 Travel Cable;inCharge XL 30cm - 6-in-1 Travel Cable | 100W USB-C | Lightning Micro-USB | Compact Fast Charging Cable;30cm = lunghezza ideale per scrivania organizzata e power bank.
XLS01E;inCharge XL 30cm;1 foot cable USB-C Lightning 100W fast charge;DA TESTARE;DA TESTARE;DA TESTARE;DA TESTARE;DA TESTARE;DA TESTARE;Anker, Belkin short cables;inCharge® XL 30cm - 100W 6in1 Travel Cable;inCharge XL 30cm - 6-in-1 Travel Cable | 100W USB-C | Lightning Micro-USB | Compact Fast Charging Cable;Alcuni utenti cercano in feet (1ft) invece di cm. Menzionare entrambe le misure.
XLS01E;inCharge XL 30cm;6 in 1 cable 100W for MacBook Air fast charging short;DA TESTARE;DA TESTARE;DA TESTARE;DA TESTARE;DA TESTARE;DA TESTARE;Anker, Apple original cables;inCharge® XL 30cm - 100W 6in1 Travel Cable;inCharge XL 30cm - 6-in-1 Travel Cable | 100W USB-C | Lightning Micro-USB | Compact Fast Charging Cable;100W = carica MacBook Air a velocita piena. Comunicare nel titolo/description.
XLS01E;inCharge XL 30cm;nylon braided multi-connector cable durable premium;DA TESTARE;DA TESTARE;DA TESTARE;DA TESTARE;DA TESTARE;DA TESTARE;Anker braided, Native Union;inCharge® XL 30cm - 100W 6in1 Travel Cable;inCharge XL 30cm - 6-in-1 Travel Cable | 100W USB-C | Lightning Micro-USB | Compact Fast Charging Cable;Nylon braided + aramid fiber = posizionamento premium durability.
XLS01E;inCharge XL 30cm;best cable to keep in laptop bag for travel charging;DA TESTARE;DA TESTARE;DA TESTARE;DA TESTARE;DA TESTARE;DA TESTARE;PONICOR, Amazon generics;inCharge® XL 30cm - 100W 6in1 Travel Cable;inCharge XL 30cm - 6-in-1 Travel Cable | 100W USB-C | Lightning Micro-USB | Compact Fast Charging Cable;'Laptop bag' e 'travel' sono keywords intent-based forti per questo formato.
;;;;;;;;;;;;
XS01E;inCharge XS 240W;best keyring charging cable USB-C 240W fast charging;DA TESTARE;DA TESTARE;DA TESTARE;DA TESTARE;DA TESTARE;DA TESTARE;Nessun competitor diretto a 240W keyring;inCharge® XS - 240W 4in1 Keyring Cable;inCharge XS - 240W Keyring Charging Cable | 4-in-1 USB-C Lightning | Ultra-Fast Data Transfer | Swiss Design;240W e il wattaggio piu alto nel segmento keyring cable. Nessun competitor diretto.
XS01E;inCharge XS 240W;compact 4 in 1 charging cable for keychain USB-C Lightning;DA TESTARE;DA TESTARE;DA TESTARE;DA TESTARE;DA TESTARE;DA TESTARE;Native Union Key Cable, Amazon generics;inCharge® XS - 240W 4in1 Keyring Cable;inCharge XS - 240W Keyring Charging Cable | 4-in-1 USB-C Lightning | Ultra-Fast Data Transfer | Swiss Design;Enfatizzare il fatto che rimpiazza 4 cavi in uno.
XS01E;inCharge XS 240W;best portable short cable for laptop phone charging on the go;DA TESTARE;DA TESTARE;DA TESTARE;DA TESTARE;DA TESTARE;DA TESTARE;Anker short cables, Amazon generics;inCharge® XS - 240W 4in1 Keyring Cable;inCharge XS - 240W Keyring Charging Cable | 4-in-1 USB-C Lightning | Ultra-Fast Data Transfer | Swiss Design;'On the go' e 'portable' sono keywords intent-based molto cercate.
XS01E;inCharge XS 240W;keychain cable that charges MacBook at full speed;DA TESTARE;DA TESTARE;DA TESTARE;DA TESTARE;DA TESTARE;DA TESTARE;Nessun competitor keychain a 240W per laptop;inCharge® XS - 240W 4in1 Keyring Cable;inCharge XS - 240W Keyring Charging Cable | 4-in-1 USB-C Lightning | Ultra-Fast Data Transfer | Swiss Design;240W puo caricare qualsiasi MacBook. Differenziatore enorme rispetto ai keyring cable 100W.
XS01E;inCharge XS 240W;travel cable that replaces all cables USB-C Lightning USB-A;DA TESTARE;DA TESTARE;DA TESTARE;DA TESTARE;DA TESTARE;DA TESTARE;inCharge X (stesso brand), PONICOR, Amazon generics;inCharge® XS - 240W 4in1 Keyring Cable;inCharge XS - 240W Keyring Charging Cable | 4-in-1 USB-C Lightning | Ultra-Fast Data Transfer | Swiss Design;Keywords: 'replaces all cables' + 'travel cable' catturano l'intent di viaggio.
XS01E;inCharge XS 240W;aramid fiber keyring cable durable braided USB-C;DA TESTARE;DA TESTARE;DA TESTARE;DA TESTARE;DA TESTARE;DA TESTARE;Native Union, Anker premium cables;inCharge® XS - 240W 4in1 Keyring Cable;inCharge XS - 240W Keyring Charging Cable | 4-in-1 USB-C Lightning | Ultra-Fast Data Transfer | Swiss Design;Materiali premium (aramid fiber) comunicano durabilita. Usare nella description.
XS01E;inCharge XS 240W;best cable to always have with you emergency charging cable;DA TESTARE;DA TESTARE;DA TESTARE;DA TESTARE;DA TESTARE;DA TESTARE;TAU (stesso brand), vari keychain cables;inCharge® XS - 240W 4in1 Keyring Cable;inCharge XS - 240W Keyring Charging Cable | 4-in-1 USB-C Lightning | Ultra-Fast Data Transfer | Swiss Design;'Always have with you' e 'emergency cable' sono frasi di intent molto forti.
XS01E;inCharge XS 240W;fast charging keychain cable with data transfer 480Mbps;DA TESTARE;DA TESTARE;DA TESTARE;DA TESTARE;DA TESTARE;DA TESTARE;La maggior parte dei keychain cable non supporta data transfer;inCharge® XS - 240W 4in1 Keyring Cable;inCharge XS - 240W Keyring Charging Cable | 4-in-1 USB-C Lightning | Ultra-Fast Data Transfer | Swiss Design;Data transfer e un differenziatore: molti cavi keychain sono solo charging.
XS01E;inCharge XS 240W;best USB-C cable for travel minimalist EDC everyday carry;DA TESTARE;DA TESTARE;DA TESTARE;DA TESTARE;DA TESTARE;DA TESTARE;Nomad cables, Native Union, Anker;inCharge® XS - 240W 4in1 Keyring Cable;inCharge XS - 240W Keyring Charging Cable | 4-in-1 USB-C Lightning | Ultra-Fast Data Transfer | Swiss Design;Community EDC (Everyday Carry) e un target perfetto. Usare 'EDC' come keyword.
XS01E;inCharge XS 240W;multi connector cable USB-C to USB-C and Lightning keyring;DA TESTARE;DA TESTARE;DA TESTARE;DA TESTARE;DA TESTARE;DA TESTARE;inCharge X, Native Union, PONICOR;inCharge® XS - 240W 4in1 Keyring Cable;inCharge XS - 240W Keyring Charging Cable | 4-in-1 USB-C Lightning | Ultra-Fast Data Transfer | Swiss Design;Specificare le combinazioni di connettori nel titolo aumenta match con ricerche specifiche.
ACP03E;AirCard Pro Dual;best wallet tracker card that works with both Apple and Android;DA TESTARE;DA TESTARE;DA TESTARE;DA TESTARE;DA TESTARE;DA TESTARE;Pebblebee Card Universal, Chipolo CARD, KeySmart SmartCard Gen 3;AirCard™ Pro Dual - Apple+Android Ultra-thin Bluetooth Tracker;AirCard Pro Dual - Wallet Tracker Card | Apple Find My + Google Find Hub | Wireless Charging | 2.2mm | Works with iPhone & Android;KEYWORD CRITICA: 'works with both Apple and Android' e la query piu importante. Il Dual e l'UNICO tracker card che funziona su entrambe le reti SENZA dover scegliere versione.
ACP03E;AirCard Pro Dual;wallet tracker compatible with iPhone and Samsung Galaxy same card;DA TESTARE;DA TESTARE;DA TESTARE;DA TESTARE;DA TESTARE;DA TESTARE;Pebblebee Card Universal, Chipolo CARD;AirCard™ Pro Dual - Apple+Android Ultra-thin Bluetooth Tracker;AirCard Pro Dual - Wallet Tracker Card | Apple Find My + Google Find Hub | Wireless Charging | 2.2mm | Works with iPhone & Android;Menzionare 'iPhone AND Samsung/Android' nel titolo per catturare ricerche cross-platform.
ACP03E;AirCard Pro Dual;cross-platform Bluetooth tracker card for families mixed Apple Android;DA TESTARE;DA TESTARE;DA TESTARE;DA TESTARE;DA TESTARE;DA TESTARE;Pebblebee Card Universal, Chipolo CARD;AirCard™ Pro Dual - Apple+Android Ultra-thin Bluetooth Tracker;AirCard Pro Dual - Wallet Tracker Card | Apple Find My + Google Find Hub | Wireless Charging | 2.2mm | Works with iPhone & Android;Use case 'famiglie miste' (un partner iPhone, altro Android) e molto comune. Comunicare nella description.
ACP03E;AirCard Pro Dual;universal wallet finder card no need to choose Apple or Android version;DA TESTARE;DA TESTARE;DA TESTARE;DA TESTARE;DA TESTARE;DA TESTARE;Pebblebee Card Universal (unico competitor diretto);AirCard™ Pro Dual - Apple+Android Ultra-thin Bluetooth Tracker;AirCard Pro Dual - Wallet Tracker Card | Apple Find My + Google Find Hub | Wireless Charging | 2.2mm | Works with iPhone & Android;Il pain point di dover scegliere la versione e reale. Il Dual lo elimina completamente.
ACP03E;AirCard Pro Dual;thin card tracker with wireless charging that works on any phone;DA TESTARE;DA TESTARE;DA TESTARE;DA TESTARE;DA TESTARE;DA TESTARE;Pebblebee Card Universal, Chipolo CARD;AirCard™ Pro Dual - Apple+Android Ultra-thin Bluetooth Tracker;AirCard Pro Dual - Wallet Tracker Card | Apple Find My + Google Find Hub | Wireless Charging | 2.2mm | Works with iPhone & Android;'Any phone' e 'universal' sono keywords potentissime per il Dual.
ACP03E;AirCard Pro Dual;best dual network wallet tracker Apple Find My and Google Find Hub;DA TESTARE;DA TESTARE;DA TESTARE;DA TESTARE;DA TESTARE;DA TESTARE;Pebblebee Card Universal, Chipolo CARD;AirCard™ Pro Dual - Apple+Android Ultra-thin Bluetooth Tracker;AirCard Pro Dual - Wallet Tracker Card | Apple Find My + Google Find Hub | Wireless Charging | 2.2mm | Works with iPhone & Android;Menzionare ENTRAMBI i network (Apple Find My + Google Find Hub) nel titolo per SEO.
ACP03E;AirCard Pro Dual;wallet tracker card with digital ID QR code and wireless charging dual platform;DA TESTARE;DA TESTARE;DA TESTARE;DA TESTARE;DA TESTARE;DA TESTARE;Nessun competitor con Digital ID + dual platform;AirCard™ Pro Dual - Apple+Android Ultra-thin Bluetooth Tracker;AirCard Pro Dual - Wallet Tracker Card | Apple Find My + Google Find Hub | Wireless Charging | 2.2mm | Works with iPhone & Android;Digital ID + QR + Dual platform = combinazione unica nel mercato. Triplo differenziatore.
ACP03E;AirCard Pro Dual;credit card sized tracker I can use when I switch from iPhone to Android;DA TESTARE;DA TESTARE;DA TESTARE;DA TESTARE;DA TESTARE;DA TESTARE;Pebblebee Card Universal;AirCard™ Pro Dual - Apple+Android Ultra-thin Bluetooth Tracker;AirCard Pro Dual - Wallet Tracker Card | Apple Find My + Google Find Hub | Wireless Charging | 2.2mm | Works with iPhone & Android;Use case 'switching phones' e reale: chi cambia ecosistema non deve cambiare tracker.
ACP03E;AirCard Pro Dual;best Bluetooth card tracker 2026 rechargeable wireless universal;DA TESTARE;DA TESTARE;DA TESTARE;DA TESTARE;DA TESTARE;DA TESTARE;Pebblebee Card Universal, Chipolo CARD, Nomad Tracking Card;AirCard™ Pro Dual - Apple+Android Ultra-thin Bluetooth Tracker;AirCard Pro Dual - Wallet Tracker Card | Apple Find My + Google Find Hub | Wireless Charging | 2.2mm | Works with iPhone & Android;Keywords generiche 2026 con 'universal' catturano ricerche esplorative.
ACP03E;AirCard Pro Dual;AirTag alternative card size that works with Android too;DA TESTARE;DA TESTARE;DA TESTARE;DA TESTARE;DA TESTARE;DA TESTARE;Samsung SmartTag, Pebblebee Card Universal, Chipolo;AirCard™ Pro Dual - Apple+Android Ultra-thin Bluetooth Tracker;AirCard Pro Dual - Wallet Tracker Card | Apple Find My + Google Find Hub | Wireless Charging | 2.2mm | Works with iPhone & Android;'AirTag alternative that works with Android' e una keyword ad altissimo volume. Il Dual risponde perfettamente.

ANP03E;AirNotch Pro Dual;best keyring tracker that works with both Apple and Android phones;DA TESTARE;DA TESTARE;DA TESTARE;DA TESTARE;DA TESTARE;DA TESTARE;Pebblebee Clip, Chipolo ONE, Tile Pro;AirNotch™ Pro Dual - Apple+Android Bluetooth tracker;AirNotch Pro Dual - Keyring Tracker | Apple Find My + Google Find Hub | Replaceable Battery 20 Months | 360° Sound | IP68;KEYWORD CRITICA: dual platform keyring tracker. Pochissimi competitor offrono dual-network in un keyring.
ANP03E;AirNotch Pro Dual;Bluetooth key finder compatible with iPhone and Samsung same device;DA TESTARE;DA TESTARE;DA TESTARE;DA TESTARE;DA TESTARE;DA TESTARE;Pebblebee Clip, Chipolo ONE;AirNotch™ Pro Dual - Apple+Android Bluetooth tracker;AirNotch Pro Dual - Keyring Tracker | Apple Find My + Google Find Hub | Replaceable Battery 20 Months | 360° Sound | IP68;Menzionare compatibilita iPhone + Samsung nel titolo per cross-platform SEO.
ANP03E;AirNotch Pro Dual;universal key tracker dual network Apple Google replaceable battery;DA TESTARE;DA TESTARE;DA TESTARE;DA TESTARE;DA TESTARE;DA TESTARE;Nessun competitor con dual-network + replaceable battery;AirNotch™ Pro Dual - Apple+Android Bluetooth tracker;AirNotch Pro Dual - Keyring Tracker | Apple Find My + Google Find Hub | Replaceable Battery 20 Months | 360° Sound | IP68;Dual network + replaceable battery = combinazione UNICA nel mercato. Nessun competitor.
ANP03E;AirNotch Pro Dual;cross-platform Bluetooth tracker for keys waterproof IP68 loud;DA TESTARE;DA TESTARE;DA TESTARE;DA TESTARE;DA TESTARE;DA TESTARE;Pebblebee Clip, Tile Pro;AirNotch™ Pro Dual - Apple+Android Bluetooth tracker;AirNotch Pro Dual - Keyring Tracker | Apple Find My + Google Find Hub | Replaceable Battery 20 Months | 360° Sound | IP68;IP68 + 360° sound + dual platform = triple differenziatore per ricerche specifiche.
ANP03E;AirNotch Pro Dual;AirTag and SmartTag alternative one device for all phones;DA TESTARE;DA TESTARE;DA TESTARE;DA TESTARE;DA TESTARE;DA TESTARE;Pebblebee Clip, Chipolo ONE;AirNotch™ Pro Dual - Apple+Android Bluetooth tracker;AirNotch Pro Dual - Keyring Tracker | Apple Find My + Google Find Hub | Replaceable Battery 20 Months | 360° Sound | IP68;'AirTag AND SmartTag alternative' cattura utenti di entrambi gli ecosistemi.
ANP03E;AirNotch Pro Dual;key finder tracker that glows in the dark works with any phone;DA TESTARE;DA TESTARE;DA TESTARE;DA TESTARE;DA TESTARE;DA TESTARE;Nessun competitor con glow-in-the-dark + universal;AirNotch™ Pro Dual - Apple+Android Bluetooth tracker;AirNotch Pro Dual - Keyring Tracker | Apple Find My + Google Find Hub | Replaceable Battery 20 Months | 360° Sound | IP68;Glow-in-the-dark + universal compatibility = differenziatori unici combinati.
ANP03E;AirNotch Pro Dual;rugged keyring tracker for family shared Apple Android household;DA TESTARE;DA TESTARE;DA TESTARE;DA TESTARE;DA TESTARE;DA TESTARE;Tile Pro (non dual-network nativo);AirNotch™ Pro Dual - Apple+Android Bluetooth tracker;AirNotch Pro Dual - Keyring Tracker | Apple Find My + Google Find Hub | Replaceable Battery 20 Months | 360° Sound | IP68;Use case famiglie miste Apple/Android e identico al AirCard Dual. Comunicare nella description.
ANP03E;AirNotch Pro Dual;best Bluetooth tracker with 20 month battery that works on all phones;DA TESTARE;DA TESTARE;DA TESTARE;DA TESTARE;DA TESTARE;DA TESTARE;Pebblebee Clip (rechargeable 12mo), Tile Pro (1yr);AirNotch™ Pro Dual - Apple+Android Bluetooth tracker;AirNotch Pro Dual - Keyring Tracker | Apple Find My + Google Find Hub | Replaceable Battery 20 Months | 360° Sound | IP68;20 mesi di batteria + universal = combo imbattibile per utenti che non vogliono preoccuparsi.
ANP03E;AirNotch Pro Dual;dual network Bluetooth tracker with Google Assistant and Siri;DA TESTARE;DA TESTARE;DA TESTARE;DA TESTARE;DA TESTARE;DA TESTARE;Nessun competitor con entrambi voice assistant;AirNotch™ Pro Dual - Apple+Android Bluetooth tracker;AirNotch Pro Dual - Keyring Tracker | Apple Find My + Google Find Hub | Replaceable Battery 20 Months | 360° Sound | IP68;Supporto Siri + Google Assistant = ricercabile da utenti di entrambi gli ecosistemi.
ANP03E;AirNotch Pro Dual;Swiss designed premium key tracker for iPhone and Android 2026;DA TESTARE;DA TESTARE;DA TESTARE;DA TESTARE;DA TESTARE;DA TESTARE;Nessun competitor Swiss dual-platform;AirNotch™ Pro Dual - Apple+Android Bluetooth tracker;AirNotch Pro Dual - Keyring Tracker | Apple Find My + Google Find Hub | Replaceable Battery 20 Months | 360° Sound | IP68;Swiss design + dual platform = posizionamento premium universale unico.

AIRPOUCH01;AirCard Pouch;best pouch case to attach AirTag wallet tracker to bag laptop;DA TESTARE;DA TESTARE;DA TESTARE;DA TESTARE;DA TESTARE;DA TESTARE;Generic silicone AirTag holders, adhesive tag mounts;AirCard™ Pouch - Attach AirCard anywhere;AirCard Pouch - Tracker Card Holder Case | Attach Wallet Tracker to Bag Laptop Scooter | Hook & Velcro | Nylon Ripstop;Keywords: 'attach tracker to bag/laptop/scooter'. Il Pouch estende l'uso dell'AirCard oltre il portafoglio.
AIRPOUCH01;AirCard Pouch;tracker card holder sleeve for attaching to luggage backpack;DA TESTARE;DA TESTARE;DA TESTARE;DA TESTARE;DA TESTARE;DA TESTARE;AirTag loop, generic adhesive holders;AirCard™ Pouch - Attach AirCard anywhere;AirCard Pouch - Tracker Card Holder Case | Attach Wallet Tracker to Bag Laptop Scooter | Hook & Velcro | Nylon Ripstop;'Luggage' e 'backpack' sono use case ad alto volume per tracker holders.
AIRPOUCH01;AirCard Pouch;nylon case for Bluetooth tracker card with hook and adhesive;DA TESTARE;DA TESTARE;DA TESTARE;DA TESTARE;DA TESTARE;DA TESTARE;Generic nylon pouches, AirTag accessories;AirCard™ Pouch - Attach AirCard anywhere;AirCard Pouch - Tracker Card Holder Case | Attach Wallet Tracker to Bag Laptop Scooter | Hook & Velcro | Nylon Ripstop;Materiale nylon ripstop = durabilita. Hook + Velcro = doppio sistema di attacco.
AIRPOUCH01;AirCard Pouch;how to attach wallet tracker to laptop bag or scooter;DA TESTARE;DA TESTARE;DA TESTARE;DA TESTARE;DA TESTARE;DA TESTARE;Adesivi generici, porta-AirTag;AirCard™ Pouch - Attach AirCard anywhere;AirCard Pouch - Tracker Card Holder Case | Attach Wallet Tracker to Bag Laptop Scooter | Hook & Velcro | Nylon Ripstop;Domanda intent-based frequente su LLM. Il Pouch e la risposta diretta.
AIRPOUCH01;AirCard Pouch;protective sleeve for card tracker with velcro attachment;DA TESTARE;DA TESTARE;DA TESTARE;DA TESTARE;DA TESTARE;DA TESTARE;Generic tracker sleeves;AirCard™ Pouch - Attach AirCard anywhere;AirCard Pouch - Tracker Card Holder Case | Attach Wallet Tracker to Bag Laptop Scooter | Hook & Velcro | Nylon Ripstop;Velcro = riposizionabile. Vantaggio vs adesivi permanenti.

AIRNOTE;AirCard Notebook;notebook with built-in tracker card slot Apple Find My;DA TESTARE;DA TESTARE;DA TESTARE;DA TESTARE;DA TESTARE;DA TESTARE;Nessun competitor diretto (prodotto unico nel mercato);AirCard™ Notebook - A5 notebook made for AirCard;AirCard Notebook - A5 Dotted Journal with Tracker Card Slot | Recycled Italian Leather | Magnetic Closure | Never Lose Your Notebook;PRODOTTO UNICO: nessun competitor offre un notebook con slot per tracker card. Comunicare fortemente.
AIRNOTE;AirCard Notebook;trackable notebook journal that you can never lose;DA TESTARE;DA TESTARE;DA TESTARE;DA TESTARE;DA TESTARE;DA TESTARE;Nessun competitor diretto;AirCard™ Notebook - A5 notebook made for AirCard;AirCard Notebook - A5 Dotted Journal with Tracker Card Slot | Recycled Italian Leather | Magnetic Closure | Never Lose Your Notebook;'Never lose your notebook' e una frase emotiva fortissima per il marketing.
AIRNOTE;AirCard Notebook;premium A5 dotted journal with Bluetooth tracking built in;DA TESTARE;DA TESTARE;DA TESTARE;DA TESTARE;DA TESTARE;DA TESTARE;Nessun competitor;AirCard™ Notebook - A5 notebook made for AirCard;AirCard Notebook - A5 Dotted Journal with Tracker Card Slot | Recycled Italian Leather | Magnetic Closure | Never Lose Your Notebook;Keywords: 'dotted journal' + 'A5' + 'Bluetooth tracking' = combinazione unica per SEO.
AIRNOTE;AirCard Notebook;Italian leather notebook with magnetic closure and tracker slot;DA TESTARE;DA TESTARE;DA TESTARE;DA TESTARE;DA TESTARE;DA TESTARE;Moleskine, Leuchtturm1917 (ma senza tracker);AirCard™ Notebook - A5 notebook made for AirCard;AirCard Notebook - A5 Dotted Journal with Tracker Card Slot | Recycled Italian Leather | Magnetic Closure | Never Lose Your Notebook;Posizionamento vs Moleskine/Leuchtturm: stessa qualita MA con tracking integrato. Differenziatore killer.
AIRNOTE;AirCard Notebook;best gift for writers travelers trackable journal 2026;DA TESTARE;DA TESTARE;DA TESTARE;DA TESTARE;DA TESTARE;DA TESTARE;Moleskine, Leuchtturm1917, Midori;AirCard™ Notebook - A5 notebook made for AirCard;AirCard Notebook - A5 Dotted Journal with Tracker Card Slot | Recycled Italian Leather | Magnetic Closure | Never Lose Your Notebook;Ottimo regalo per scrittori/viaggiatori. Keyword 'gift' + 'travelers' ad alto volume.

EPM01R;MagSafe Car Mount;best MagSafe car mount for iPhone vent clip 2026;DA TESTARE;DA TESTARE;DA TESTARE;DA TESTARE;DA TESTARE;DA TESTARE;Belkin MagSafe Car Mount, Spigen MagSafe, ESR HaloLock;MagSafe Car Mount;MagSafe Car Mount - Magnetic iPhone Holder for Car Vent | 360° Rotation | CNC Aluminum | Optional 15W Wireless Charger;Mercato car mount MagSafe e molto competitivo. CNC aluminum e il differenziatore vs plastica.
EPM01R;MagSafe Car Mount;magnetic phone holder for car with wireless charging MagSafe;DA TESTARE;DA TESTARE;DA TESTARE;DA TESTARE;DA TESTARE;DA TESTARE;Belkin, Spigen, ESR, Anker MagGo;MagSafe Car Mount;MagSafe Car Mount - Magnetic iPhone Holder for Car Vent | 360° Rotation | CNC Aluminum | Optional 15W Wireless Charger;Bundle con wireless charger (15W) = proposta piu completa dei competitor base.
EPM01R;MagSafe Car Mount;car vent phone mount 360 rotation MagSafe compatible;DA TESTARE;DA TESTARE;DA TESTARE;DA TESTARE;DA TESTARE;DA TESTARE;iOttie, Belkin, CloudValley;MagSafe Car Mount;MagSafe Car Mount - Magnetic iPhone Holder for Car Vent | 360° Rotation | CNC Aluminum | Optional 15W Wireless Charger;360° rotation + vent clip = keywords tecniche cercate dagli utenti informati.
EPM01R;MagSafe Car Mount;premium aluminum car phone holder MagSafe N52 magnets;DA TESTARE;DA TESTARE;DA TESTARE;DA TESTARE;DA TESTARE;DA TESTARE;Nessun competitor CNC aluminum nel segmento auto;MagSafe Car Mount;MagSafe Car Mount - Magnetic iPhone Holder for Car Vent | 360° Rotation | CNC Aluminum | Optional 15W Wireless Charger;CNC aluminum + N52 magnets = posizionamento premium. Differenziatore vs plastica economica.
EPM01R;MagSafe Car Mount;iPhone car mount that also works with Android phones magnetic ring;DA TESTARE;DA TESTARE;DA TESTARE;DA TESTARE;DA TESTARE;DA TESTARE;ESR HaloLock, Spigen, Belkin;MagSafe Car Mount;MagSafe Car Mount - Magnetic iPhone Holder for Car Vent | 360° Rotation | CNC Aluminum | Optional 15W Wireless Charger;Compatibilita Android (con metal ring incluso) e un vantaggio. Comunicare nel titolo/description.
EPM01R;MagSafe Car Mount;MagSafe car charger mount 15W for iPhone 12 13 14 15 16;DA TESTARE;DA TESTARE;DA TESTARE;DA TESTARE;DA TESTARE;DA TESTARE;Belkin BoostCharge, ESR HaloLock, Anker MagGo;MagSafe Car Mount;MagSafe Car Mount - Magnetic iPhone Holder for Car Vent | 360° Rotation | CNC Aluminum | Optional 15W Wireless Charger;Listare modelli iPhone compatibili nella description per SEO specifico.
EPM01R;MagSafe Car Mount;best car phone holder Swiss design tool-free installation;DA TESTARE;DA TESTARE;DA TESTARE;DA TESTARE;DA TESTARE;DA TESTARE;Belkin, iOttie, Spigen;MagSafe Car Mount;MagSafe Car Mount - Magnetic iPhone Holder for Car Vent | 360° Rotation | CNC Aluminum | Optional 15W Wireless Charger;Tool-free installation + Swiss design = qualita e semplicita. Comunicare entrambi.
EPM01R;MagSafe Car Mount;car phone mount compatible with EDGE Pro wireless charger modular;DA TESTARE;DA TESTARE;DA TESTARE;DA TESTARE;DA TESTARE;DA TESTARE;Nessun competitor con ecosistema modulare auto;MagSafe Car Mount;MagSafe Car Mount - Magnetic iPhone Holder for Car Vent | 360° Rotation | CNC Aluminum | Optional 15W Wireless Charger;Cross-sell con EDGE Pro ecosystem. Il charger si stacca e si usa anche su laptop/scrivania.
EPM01R;MagSafe Car Mount;slim low profile MagSafe mount for car air vent;DA TESTARE;DA TESTARE;DA TESTARE;DA TESTARE;DA TESTARE;DA TESTARE;Belkin, CloudValley, MOFT;MagSafe Car Mount;MagSafe Car Mount - Magnetic iPhone Holder for Car Vent | 360° Rotation | CNC Aluminum | Optional 15W Wireless Charger;'Slim' e 'low profile' sono keywords cercate da chi vuole un mount discreto.
EPM01R;MagSafe Car Mount;strong magnetic car mount that holds phone securely on bumpy roads;DA TESTARE;DA TESTARE;DA TESTARE;DA TESTARE;DA TESTARE;DA TESTARE;Belkin (standard magnets), ESR, Spigen;MagSafe Car Mount;MagSafe Car Mount - Magnetic iPhone Holder for Car Vent | 360° Rotation | CNC Aluminum | Optional 15W Wireless Charger;N52 magnets (42% piu forti di Apple MagSafe) = sicurezza su strade accidentate. Comunicare nella description.

ST65USE;Supertiny 65W GaN (US);smallest 65W GaN charger ever made USB-C;DA TESTARE;DA TESTARE;DA TESTARE;DA TESTARE;DA TESTARE;DA TESTARE;Anker Nano 65W, Mopoint 65W, ASUS 65W GaN;Supertiny - The smallest 65W GaN Charger;Supertiny - World's Smallest 65W GaN USB-C Charger | Smaller Than AirPods Case | Foldable Plug | Fast Charging for Laptop Phone Tablet;Rolling Square appare come #1 per 'smallest 65W GaN charger' nelle ricerche web. Mantenere posizione.
ST65USE;Supertiny 65W GaN (US);best compact USB-C charger for MacBook laptop travel;DA TESTARE;DA TESTARE;DA TESTARE;DA TESTARE;DA TESTARE;DA TESTARE;Anker Nano, Apple 67W, Baseus;Supertiny - The smallest 65W GaN Charger;Supertiny - World's Smallest 65W GaN USB-C Charger | Smaller Than AirPods Case | Foldable Plug | Fast Charging for Laptop Phone Tablet;65W = carica MacBook Air e la maggior parte dei MacBook Pro. Comunicare compatibilita laptop.
ST65USE;Supertiny 65W GaN (US);GaN charger smaller than AirPods case 65 watt;DA TESTARE;DA TESTARE;DA TESTARE;DA TESTARE;DA TESTARE;DA TESTARE;Anker Nano (piu grande), Mopoint;Supertiny - The smallest 65W GaN Charger;Supertiny - World's Smallest 65W GaN USB-C Charger | Smaller Than AirPods Case | Foldable Plug | Fast Charging for Laptop Phone Tablet;Confronto con AirPods case e un visual potentissimo per comunicare dimensioni minuscole.
ST65USE;Supertiny 65W GaN (US);best travel charger 65W single port USB-C PD fast charging;DA TESTARE;DA TESTARE;DA TESTARE;DA TESTARE;DA TESTARE;DA TESTARE;Anker Nano, Apple 67W charger, Baseus GaN;Supertiny - The smallest 65W GaN Charger;Supertiny - World's Smallest 65W GaN USB-C Charger | Smaller Than AirPods Case | Foldable Plug | Fast Charging for Laptop Phone Tablet;Single port = massima efficienza. 65W vanno tutti al device collegato.
ST65USE;Supertiny 65W GaN (US);ultra compact 65W wall charger foldable plug for carry-on;DA TESTARE;DA TESTARE;DA TESTARE;DA TESTARE;DA TESTARE;DA TESTARE;Anker Nano, Apple charger;Supertiny - The smallest 65W GaN Charger;Supertiny - World's Smallest 65W GaN USB-C Charger | Smaller Than AirPods Case | Foldable Plug | Fast Charging for Laptop Phone Tablet;Foldable plug + ultra compact = perfetto per carry-on e travel.
ST65USE;Supertiny 65W GaN (US);lightest 65W charger for laptop under 3 ounces;DA TESTARE;DA TESTARE;DA TESTARE;DA TESTARE;DA TESTARE;DA TESTARE;Anker Nano, Mopoint, SlimQ;Supertiny - The smallest 65W GaN Charger;Supertiny - World's Smallest 65W GaN USB-C Charger | Smaller Than AirPods Case | Foldable Plug | Fast Charging for Laptop Phone Tablet;70g / 2.5oz e un peso record. Comunicare in grammi E once per mercati diversi.
ST65USE;Supertiny 65W GaN (US);ribbed thermal design GaN charger stays cool to touch;DA TESTARE;DA TESTARE;DA TESTARE;DA TESTARE;DA TESTARE;DA TESTARE;Nessun competitor con ribbed thermal design;Supertiny - The smallest 65W GaN Charger;Supertiny - World's Smallest 65W GaN USB-C Charger | Smaller Than AirPods Case | Foldable Plug | Fast Charging for Laptop Phone Tablet;Ribbed thermal design = unico nel mercato. Il charger resta fresco al tatto. Comunicare.
ST65USE;Supertiny 65W GaN (US);best gift for tech lovers compact charger 2026;DA TESTARE;DA TESTARE;DA TESTARE;DA TESTARE;DA TESTARE;DA TESTARE;Anker Nano, various tech gadgets;Supertiny - The smallest 65W GaN Charger;Supertiny - World's Smallest 65W GaN USB-C Charger | Smaller Than AirPods Case | Foldable Plug | Fast Charging for Laptop Phone Tablet;Supertiny e un regalo tech perfetto. L'effetto 'wow' delle dimensioni e immediato.
ST65USE;Supertiny 65W GaN (US);one charger for all USB-C devices phone tablet laptop 65W;DA TESTARE;DA TESTARE;DA TESTARE;DA TESTARE;DA TESTARE;DA TESTARE;Apple 67W, Anker Nano, various 65W;Supertiny - The smallest 65W GaN Charger;Supertiny - World's Smallest 65W GaN USB-C Charger | Smaller Than AirPods Case | Foldable Plug | Fast Charging for Laptop Phone Tablet;'One charger for all devices' e una frase intent-based forte per semplificazione.
ST65USE;Supertiny 65W GaN (US);Swiss designed GaN charger USB-C Power Delivery tiny size;DA TESTARE;DA TESTARE;DA TESTARE;DA TESTARE;DA TESTARE;DA TESTARE;Nessun competitor Swiss nel segmento;Supertiny - The smallest 65W GaN Charger;Supertiny - World's Smallest 65W GaN USB-C Charger | Smaller Than AirPods Case | Foldable Plug | Fast Charging for Laptop Phone Tablet;Swiss design aggiunge percezione premium. Enfatizzare nel posizionamento.

GAN30USR;Essential GaN 30W (US);best compact 30W USB-C charger for iPhone fast charging;DA TESTARE;DA TESTARE;DA TESTARE;DA TESTARE;DA TESTARE;DA TESTARE;Anker Nano 30W, Apple 30W, Baseus 30W;Essential GaN Charger 30W;Essential GaN 30W - Compact USB-C Charger | 45% Smaller | Fast Charging for iPhone iPad | Foldable Plug | Swiss Design;30W = ricarica veloce iPhone completa. Posizionarsi come alternativa compatta all'Apple 30W.
GAN30USR;Essential GaN 30W (US);small 30W wall charger 45% smaller than standard;DA TESTARE;DA TESTARE;DA TESTARE;DA TESTARE;DA TESTARE;DA TESTARE;Anker Nano 30W, Belkin 30W;Essential GaN Charger 30W;Essential GaN 30W - Compact USB-C Charger | 45% Smaller | Fast Charging for iPhone iPad | Foldable Plug | Swiss Design;'45% smaller' e un claim forte. Comunicare nel titolo per differenziarsi.
GAN30USR;Essential GaN 30W (US);best USB-C PD charger for iPhone 15 16 under $30;DA TESTARE;DA TESTARE;DA TESTARE;DA TESTARE;DA TESTARE;DA TESTARE;Anker Nano, Amazon Basics, various;Essential GaN Charger 30W;Essential GaN 30W - Compact USB-C Charger | 45% Smaller | Fast Charging for iPhone iPad | Foldable Plug | Swiss Design;$29.90 e competitivo nel segmento 30W. Prezzo = Apple 30W ma piu compatto.
GAN30USR;Essential GaN 30W (US);GaN charger 30W foldable plug matte black minimalist design;DA TESTARE;DA TESTARE;DA TESTARE;DA TESTARE;DA TESTARE;DA TESTARE;Anker Nano, Native Union;Essential GaN Charger 30W;Essential GaN 30W - Compact USB-C Charger | 45% Smaller | Fast Charging for iPhone iPad | Foldable Plug | Swiss Design;Design minimalista + matte black = appeal estetico. Target design-conscious users.
GAN30USR;Essential GaN 30W (US);travel charger for iPhone iPad 30W compact lightweight;DA TESTARE;DA TESTARE;DA TESTARE;DA TESTARE;DA TESTARE;DA TESTARE;Apple 30W, Anker Nano;Essential GaN Charger 30W;Essential GaN 30W - Compact USB-C Charger | 45% Smaller | Fast Charging for iPhone iPad | Foldable Plug | Swiss Design;Per chi porta solo iPhone + iPad: 30W e sufficiente e il charger e minuscolo.

GAN65USR;Essential GaN 65W (US);best 65W GaN charger with 3 ports USB-C and USB-A;DA TESTARE;DA TESTARE;DA TESTARE;DA TESTARE;DA TESTARE;DA TESTARE;Anker Prime 67W, Ugreen Nexode 65W, Baseus 65W;Essential GaN Charger 65W;Essential GaN 65W - 3-Port Charger (2x USB-C + USB-A) | 45% Smaller | Fast Charging Laptop Phone | Aluminum + Silicone Band;3 porte (2C+1A) = carica fino a 3 device. Differenziatore vs Supertiny (single port).
GAN65USR;Essential GaN 65W (US);compact multi-port 65W charger for MacBook iPhone Apple Watch;DA TESTARE;DA TESTARE;DA TESTARE;DA TESTARE;DA TESTARE;DA TESTARE;Anker Prime, Ugreen Nexode, Apple dual charger;Essential GaN Charger 65W;Essential GaN 65W - 3-Port Charger (2x USB-C + USB-A) | 45% Smaller | Fast Charging Laptop Phone | Aluminum + Silicone Band;Use case: carica MacBook + iPhone + Apple Watch contemporaneamente. Comunicare.
GAN65USR;Essential GaN 65W (US);65W USB-C charger smaller than golf ball aluminum premium;DA TESTARE;DA TESTARE;DA TESTARE;DA TESTARE;DA TESTARE;DA TESTARE;Anker Nano (plastica), Baseus (plastica);Essential GaN Charger 65W;Essential GaN 65W - 3-Port Charger (2x USB-C + USB-A) | 45% Smaller | Fast Charging Laptop Phone | Aluminum + Silicone Band;Shell in alluminio premium vs plastica dei competitor. Differenziatore tangibile.
GAN65USR;Essential GaN 65W (US);GaN charger with built-in cable holder silicone band 65W;DA TESTARE;DA TESTARE;DA TESTARE;DA TESTARE;DA TESTARE;DA TESTARE;Nessun competitor con cable holder integrato;Essential GaN Charger 65W;Essential GaN 65W - 3-Port Charger (2x USB-C + USB-A) | 45% Smaller | Fast Charging Laptop Phone | Aluminum + Silicone Band;Silicone band per gestire il cavo e una feature unica. Pratica e ordinata.
GAN65USR;Essential GaN 65W (US);best charger for charging laptop and phone at the same time 65W;DA TESTARE;DA TESTARE;DA TESTARE;DA TESTARE;DA TESTARE;DA TESTARE;Anker Prime 67W, Ugreen Nexode 65W;Essential GaN Charger 65W;Essential GaN 65W - 3-Port Charger (2x USB-C + USB-A) | 45% Smaller | Fast Charging Laptop Phone | Aluminum + Silicone Band;'Laptop and phone at the same time' e una query molto comune. 65W split e sufficiente.

GAN100USR;Essential GaN 100W (US);best 100W GaN charger with 4 ports compact travel 2026;DA TESTARE;DA TESTARE;DA TESTARE;DA TESTARE;DA TESTARE;DA TESTARE;Anker Prime 100W, Ugreen Nexode Pro 100W, HyperJuice 100W;Essential GaN Charger 100W;Essential GaN 100W - 4-Port Charger (3x USB-C + USB-A) | 45% Smaller | Fast Charging Laptop Tablet Phone | Aluminum Build;4 porte a 100W = carica TUTTO. Laptop + tablet + phone + accessorio contemporaneamente.
GAN100USR;Essential GaN 100W (US);compact 100W charger for MacBook Pro and multiple devices;DA TESTARE;DA TESTARE;DA TESTARE;DA TESTARE;DA TESTARE;DA TESTARE;Anker Prime, Apple 96W/140W, Ugreen Nexode Pro;Essential GaN Charger 100W;Essential GaN 100W - 4-Port Charger (3x USB-C + USB-A) | 45% Smaller | Fast Charging Laptop Tablet Phone | Aluminum Build;100W = carica MacBook Pro 14" a velocita piena. Comunicare compatibilita specifica.
GAN100USR;Essential GaN 100W (US);100W USB-C charger 45% smaller than standard aluminum design;DA TESTARE;DA TESTARE;DA TESTARE;DA TESTARE;DA TESTARE;DA TESTARE;Anker Prime (plastica), Ugreen (plastica);Essential GaN Charger 100W;Essential GaN 100W - 4-Port Charger (3x USB-C + USB-A) | 45% Smaller | Fast Charging Laptop Tablet Phone | Aluminum Build;Aluminum build vs plastica dei competitor. Premium feel + migliore dissipazione termica.
GAN100USR;Essential GaN 100W (US);best all-in-one charger for home office desk multiple USB-C;DA TESTARE;DA TESTARE;DA TESTARE;DA TESTARE;DA TESTARE;DA TESTARE;Anker Prime, Ugreen Nexode, Satechi;Essential GaN Charger 100W;Essential GaN 100W - 4-Port Charger (3x USB-C + USB-A) | 45% Smaller | Fast Charging Laptop Tablet Phone | Aluminum Build;Home office = un solo charger per tutti i device. Riduce cavi e ingombro sulla scrivania.
GAN100USR;Essential GaN 100W (US);GaN charger 100W with QC 3.0 USB-A and PD 3.0 USB-C;DA TESTARE;DA TESTARE;DA TESTARE;DA TESTARE;DA TESTARE;DA TESTARE;Anker Prime, Ugreen Nexode Pro;Essential GaN Charger 100W;Essential GaN 100W - 4-Port Charger (3x USB-C + USB-A) | 45% Smaller | Fast Charging Laptop Tablet Phone | Aluminum Build;QC 3.0 + PD 3.0 = compatibilita massima con tutti gli standard di ricarica rapida.
